[{"createDt":"2021-12-31 09:06:59.806","deathCnt":"16","defCnt":"6754","gubun":"검역","gubunCn":"隔離區","gubunEn":"Lazaretto","incDec":"26","isolClearCnt":"6459","localOccCnt":"0","overFlowCnt":"26","qurRate":"-","seq":"14221","stdDay":"2021년 12월 31일 00시","updateDt":"null"},{"createDt":"2021-12-31 09:06:59.805","deathCnt":"13","defCnt":"4638","gubun":"제주","gubunCn":"济州","gubunEn":"Jeju","incDec":"16","isolClearCnt":"4408","localOccCnt":"14","overFlowCnt":"2","qurRate":"687","seq":"14220","stdDay":"2021년 12월 31일 00시","updateDt":"null"},{"createDt":"2021-12-31 09:06:59.805","deathCnt":"91","defCnt":"20678","gubun":"경남","gubunCn":"庆南","gubunEn":"Gyeongsangnam-do","incDec":"231","isolClearCnt":"18135","localOccCnt":"228","overFlowCnt":"3","qurRate":"619","seq":"14219","stdDay":"2021년 12월 31일 00시","updateDt":"null"},{"createDt":"2021-12-31 09:06:59.805","deathCnt":"161","defCnt":"15315","gubun":"경북","gubunCn":"庆北","gubunEn":"Gyeongsangbuk-do","incDec":"105","isolClearCnt":"13377","localOccCnt":"103","overFlowCnt":"2","qurRate":"580","seq":"14218","stdDay":"2021년 12월 31일 00시","updateDt":"null"},{"createDt":"2021-12-31 09:06:59.805","deathCnt":"37","defCnt":"6078","gubun":"전남","gubunCn":"全南","gubunEn":"Jeollanam-do","incDec":"60","isolClearCnt":"5363","localOccCnt":"58","overFlowCnt":"2","qurRate":"328","seq":"14217","stdDay":"2021년 12월 31일 00시","updateDt":"null"},{"createDt":"2021-12-31 09:06:59.805","deathCnt":"105","defCnt":"9568","gubun":"전북","gubunCn":"全北","gubunEn":"Jeollabuk-do","incDec":"99","isolClearCnt":"8141","localOccCnt":"99","overFlowCnt":"0","qurRate":"530","seq":"14216","stdDay":"2021년 12월 31일 00시","updateDt":"null"},{"createDt":"2021-12-31 09:06:59.804","deathCnt":"144","defCnt":"18095","gubun":"충남","gubunCn":"忠南","gubunEn":"Chungcheongnam-do","incDec":"137","isolClearCnt":"15562","localOccCnt":"136","overFlowCnt":"1","qurRate":"853","seq":"14215","stdDay":"2021년 12월 31일 00시","updateDt":"null"},{"createDt":"2021-12-31 09:06:59.804","deathCnt":"109","defCnt":"11498","gubun":"충북","gubunCn":"忠北","gubunEn":"Chungcheongbuk-do","incDec":"74","isolClearCnt":"10451","localOccCnt":"73","overFlowCnt":"1","qurRate":"718","seq":"14214","stdDay":"2021년 12월 31일 00시","updateDt":"null"},{"createDt":"2021-12-31 09:06:59.804","deathCnt":"102","defCnt":"12405","gubun":"강원","gubunCn":"江原","gubunEn":"Gangwon-do","incDec":"72","isolClearCnt":"11091","localOccCnt":"69","overFlowCnt":"3","qurRate":"804","seq":"14213","stdDay":"2021년 12월 31일 00시","updateDt":"null"},{"createDt":"2021-12-31 09:06:59.804","deathCnt":"1822","defCnt":"186363","gubun":"경기","gubunCn":"京畿","gubunEn":"Gyeonggi-do","incDec":"1476","isolClearCnt":"146975","localOccCnt":"1454","overFlowCnt":"22","qurRate":"1388","seq":"14212","stdDay":"2021년 12월 31일 00시","updateDt":"null"},{"createDt":"2021-12-31 09:06:59.803","deathCnt":"4","defCnt":"2142","gubun":"세종","gubunCn":"世宗","gubunEn":"Sejong","incDec":"17","isolClearCnt":"1906","localOccCnt":"17","overFlowCnt":"0","qurRate":"602","seq":"14211","stdDay":"2021년 12월 31일 00시","updateDt":"null"},{"createDt":"2021-12-31 09:06:59.803","deathCnt":"62","defCnt":"6873","gubun":"울산","gubunCn":"蔚山","gubunEn":"Ulsan","incDec":"40","isolClearCnt":"6332","localOccCnt":"38","overFlowCnt":"2","qurRate":"605","seq":"14210","stdDay":"2021년 12월 31일 00시","updateDt":"null"},{"createDt":"2021-12-31 09:06:59.803","deathCnt":"167","defCnt":"12250","gubun":"대전","gubunCn":"大田","gubunEn":"Daejeon","incDec":"71","isolClearCnt":"10362","localOccCnt":"69","overFlowCnt":"2","qurRate":"837","seq":"14209","stdDay":"2021년 12월 31일 00시","updateDt":"null"},{"createDt":"2021-12-31 09:06:59.803","deathCnt":"44","defCnt":"8026","gubun":"광주","gubunCn":"光州","gubunEn":"Gwangju","incDec":"85","isolClearCnt":"7257","localOccCnt":"85","overFlowCnt":"0","qurRate":"553","seq":"14208","stdDay":"2021년 12월 31일 00시","updateDt":"null"},{"createDt":"2021-12-31 09:06:59.803","deathCnt":"265","defCnt":"36721","gubun":"인천","gubunCn":"仁川","gubunEn":"Incheon","incDec":"304","isolClearCnt":"30475","localOccCnt":"293","overFlowCnt":"11","qurRate":"1248","seq":"14207","stdDay":"2021년 12월 31일 00시","updateDt":"null"},{"createDt":"2021-12-31 09:06:59.802","deathCnt":"364","defCnt":"23124","gubun":"대구","gubunCn":"大邱","gubunEn":"Daegu","incDec":"132","isolClearCnt":"21264","localOccCnt":"130","overFlowCnt":"2","qurRate":"956","seq":"14206","stdDay":"2021년 12월 31일 00시","updateDt":"null"},{"createDt":"2021-12-31 09:06:59.802","deathCnt":"271","defCnt":"25075","gubun":"부산","gubunCn":"釜山","gubunEn":"Busan","incDec":"260","isolClearCnt":"20866","localOccCnt":"257","overFlowCnt":"3","qurRate":"739","seq":"14205","stdDay":"2021년 12월 31일 00시","updateDt":"null"},{"createDt":"2021-12-31 09:06:59.802","deathCnt":"1786","defCnt":"225235","gubun":"서울","gubunCn":"首尔","gubunEn":"Seoul","incDec":"1670","isolClearCnt":"175554","localOccCnt":"1635","overFlowCnt":"35","qurRate":"2330","seq":"14204","stdDay":"2021년 12월 31일 00시","updateDt":"null"},{"createDt":"2021-12-31 09:06:59.802","deathCnt":"5563","defCnt":"630838","gubun":"합계","gubunCn":"合计","gubunEn":"Total","incDec":"4875","isolClearCnt":"513978","localOccCnt":"4758","overFlowCnt":"117","qurRate":"1217","seq":"14203","stdDay":"2021년 12월 31일 00시","updateDt":"null"},{"createDt":"2021-12-30 09:09:47.379","deathCnt":"16","defCnt":"6729","gubun":"검역","gubunCn":"隔離區","gubunEn":"Lazaretto","incDec":"34","isolClearCnt":"6459","localOccCnt":"0","overFlowCnt":"34","qurRate":"-","seq":"14202","stdDay":"2021년 12월 30일 00시","updateDt":"null"},{"createDt":"2021-12-30 09:09:47.378","deathCnt":"13","defCnt":"4622","gubun":"제주","gubunCn":"济州","gubunEn":"Jeju","incDec":"21","isolClearCnt":"4385","localOccCnt":"20","overFlowCnt":"1","qurRate":"685","seq":"14201","stdDay":"2021년 12월 30일 00시","updateDt":"null"},{"createDt":"2021-12-30 09:09:47.378","deathCnt":"87","defCnt":"20447","gubun":"경남","gubunCn":"庆南","gubunEn":"Gyeongsangnam-do","incDec":"197","isolClearCnt":"17968","localOccCnt":"197","overFlowCnt":"0","qurRate":"612","seq":"14200","stdDay":"2021년 12월 30일 00시","updateDt":"null"},{"createDt":"2021-12-30 09:09:47.378","deathCnt":"152","defCnt":"15210","gubun":"경북","gubunCn":"庆北","gubunEn":"Gyeongsangbuk-do","incDec":"82","isolClearCnt":"13165","localOccCnt":"82","overFlowCnt":"0","qurRate":"576","seq":"14199","stdDay":"2021년 12월 30일 00시","updateDt":"null"},{"createDt":"2021-12-30 09:09:47.378","deathCnt":"37","defCnt":"6018","gubun":"전남","gubunCn":"全南","gubunEn":"Jeollanam-do","incDec":"48","isolClearCnt":"5294","localOccCnt":"47","overFlowCnt":"1","qurRate":"325","seq":"14198","stdDay":"2021년 12월 30일 00시","updateDt":"null"},{"createDt":"2021-12-30 09:09:47.378","deathCnt":"99","defCnt":"9469","gubun":"전북","gubunCn":"全北","gubunEn":"Jeollabuk-do","incDec":"230","isolClearCnt":"8019","localOccCnt":"228","overFlowCnt":"2","qurRate":"525","seq":"14197","stdDay":"2021년 12월 30일 00시","updateDt":"null"},{"createDt":"2021-12-30 09:09:47.377","deathCnt":"141","defCnt":"17958","gubun":"충남","gubunCn":"忠南","gubunEn":"Chungcheongnam-do","incDec":"123","isolClearCnt":"15428","localOccCnt":"122","overFlowCnt":"1","qurRate":"847","seq":"14196","stdDay":"2021년 12월 30일 00시","updateDt":"null"},{"createDt":"2021-12-30 09:09:47.377","deathCnt":"108","defCnt":"11424","gubun":"충북","gubunCn":"忠北","gubunEn":"Chungcheongbuk-do","incDec":"80","isolClearCnt":"10349","localOccCnt":"80","overFlowCnt":"0","qurRate":"714","seq":"14195","stdDay":"2021년 12월 30일 00시","updateDt":"null"},{"createDt":"2021-12-30 09:09:47.377","deathCnt":"100","defCnt":"12333","gubun":"강원","gubunCn":"江原","gubunEn":"Gangwon-do","incDec":"91","isolClearCnt":"10958","localOccCnt":"87","overFlowCnt":"4","qurRate":"799","seq":"14194","stdDay":"2021년 12월 30일 00시","updateDt":"null"},{"createDt":"2021-12-30 09:09:47.377","deathCnt":"1792","defCnt":"184887","gubun":"경기","gubunCn":"京畿","gubunEn":"Gyeonggi-do","incDec":"1465","isolClearCnt":"146588","localOccCnt":"1448","overFlowCnt":"17","qurRate":"1377","seq":"14193","stdDay":"2021년 12월 30일 00시","updateDt":"null"},{"createDt":"2021-12-30 09:09:47.377","deathCnt":"4","defCnt":"2125","gubun":"세종","gubunCn":"世宗","gubunEn":"Sejong","incDec":"21","isolClearCnt":"1884","localOccCnt":"21","overFlowCnt":"0","qurRate":"597","seq":"14192","stdDay":"2021년 12월 30일 00시","updateDt":"null"},{"createDt":"2021-12-30 09:09:47.376","deathCnt":"62","defCnt":"6833","gubun":"울산","gubunCn":"蔚山","gubunEn":"Ulsan","incDec":"40","isolClearCnt":"6261","localOccCnt":"37","overFlowCnt":"3","qurRate":"601","seq":"14191","stdDay":"2021년 12월 30일 00시","updateDt":"null"},{"createDt":"2021-12-30 09:09:47.376","deathCnt":"165","defCnt":"12179","gubun":"대전","gubunCn":"大田","gubunEn":"Daejeon","incDec":"90","isolClearCnt":"10290","localOccCnt":"88","overFlowCnt":"2","qurRate":"832","seq":"14190","stdDay":"2021년 12월 30일 00시","updateDt":"null"},{"createDt":"2021-12-30 09:09:47.376","deathCnt":"41","defCnt":"7941","gubun":"광주","gubunCn":"光州","gubunEn":"Gwangju","incDec":"102","isolClearCnt":"7186","localOccCnt":"101","overFlowCnt":"1","qurRate":"548","seq":"14189","stdDay":"2021년 12월 30일 00시","updateDt":"null"},{"createDt":"2021-12-30 09:09:47.376","deathCnt":"260","defCnt":"36418","gubun":"인천","gubunCn":"仁川","gubunEn":"Incheon","incDec":"318","isolClearCnt":"30241","localOccCnt":"316","overFlowCnt":"2","qurRate":"1238","seq":"14188","stdDay":"2021년 12월 30일 00시","updateDt":"null"},{"createDt":"2021-12-30 09:09:47.376","deathCnt":"361","defCnt":"22992","gubun":"대구","gubunCn":"大邱","gubunEn":"Daegu","incDec":"117","isolClearCnt":"21124","localOccCnt":"115","overFlowCnt":"2","qurRate":"951","seq":"14187","stdDay":"2021년 12월 30일 00시","updateDt":"null"},{"createDt":"2021-12-30 09:09:47.375","deathCnt":"266","defCnt":"24815","gubun":"부산","gubunCn":"釜山","gubunEn":"Busan","incDec":"256","isolClearCnt":"20460","localOccCnt":"252","overFlowCnt":"4","qurRate":"732","seq":"14186","stdDay":"2021년 12월 30일 00시","updateDt":"null"},{"createDt":"2021-12-30 09:09:47.375","deathCnt":"1751","defCnt":"223567","gubun":"서울","gubunCn":"首尔","gubunEn":"Seoul","incDec":"1722","isolClearCnt":"173898","localOccCnt":"1689","overFlowCnt":"33","qurRate":"2312","seq":"14185","stdDay":"2021년 12월 30일 00시","updateDt":"null"},{"createDt":"2021-12-30 09:09:47.375","deathCnt":"5455","defCnt":"625967","gubun":"합계","gubunCn":"合计","gubunEn":"Total","incDec":"5037","isolClearCnt":"509957","localOccCnt":"4930","overFlowCnt":"107","qurRate":"1208","seq":"14184","stdDay":"2021년 12월 30일 00시","updateDt":"null"},{"createDt":"2021-12-29 08:59:08.535","deathCnt":"16","defCnt":"6695","gubun":"검역","gubunCn":"隔離區","gubunEn":"Lazaretto","incDec":"26","isolClearCnt":"6459","localOccCnt":"0","overFlowCnt":"26","qurRate":"-","seq":"14183","stdDay":"2021년 12월 29일 00시","updateDt":"null"},{"createDt":"2021-12-29 08:59:08.535","deathCnt":"13","defCnt":"4601","gubun":"제주","gubunCn":"济州","gubunEn":"Jeju","incDec":"33","isolClearCnt":"4355","localOccCnt":"32","overFlowCnt":"1","qurRate":"682","seq":"14182","stdDay":"2021년 12월 29일 00시","updateDt":"null"},{"createDt":"2021-12-29 08:59:08.535","deathCnt":"85","defCnt":"20250","gubun":"경남","gubunCn":"庆南","gubunEn":"Gyeongsangnam-do","incDec":"265","isolClearCnt":"17809","localOccCnt":"262","overFlowCnt":"3","qurRate":"606","seq":"14181","stdDay":"2021년 12월 29일 00시","updateDt":"null"},{"createDt":"2021-12-29 08:59:08.535","deathCnt":"150","defCnt":"15128","gubun":"경북","gubunCn":"庆北","gubunEn":"Gyeongsangbuk-do","incDec":"104","isolClearCnt":"13115","localOccCnt":"103","overFlowCnt":"1","qurRate":"573","seq":"14180","stdDay":"2021년 12월 29일 00시","updateDt":"null"},{"createDt":"2021-12-29 08:59:08.535","deathCnt":"37","defCnt":"5970","gubun":"전남","gubunCn":"全南","gubunEn":"Jeollanam-do","incDec":"39","isolClearCnt":"5229","localOccCnt":"39","overFlowCnt":"0","qurRate":"322","seq":"14179","stdDay":"2021년 12월 29일 00시","updateDt":"null"},{"createDt":"2021-12-29 08:59:08.534","deathCnt":"99","defCnt":"9239","gubun":"전북","gubunCn":"全北","gubunEn":"Jeollabuk-do","incDec":"109","isolClearCnt":"7940","localOccCnt":"109","overFlowCnt":"0","qurRate":"512","seq":"14178","stdDay":"2021년 12월 29일 00시","updateDt":"null"},{"createDt":"2021-12-29 08:59:08.534","deathCnt":"135","defCnt":"17835","gubun":"충남","gubunCn":"忠南","gubunEn":"Chungcheongnam-do","incDec":"119","isolClearCnt":"15268","localOccCnt":"117","overFlowCnt":"2","qurRate":"841","seq":"14177","stdDay":"2021년 12월 29일 00시","updateDt":"null"},{"createDt":"2021-12-29 08:59:08.534","deathCnt":"108","defCnt":"11344","gubun":"충북","gubunCn":"忠北","gubunEn":"Chungcheongbuk-do","incDec":"101","isolClearCnt":"10240","localOccCnt":"98","overFlowCnt":"3","qurRate":"709","seq":"14176","stdDay":"2021년 12월 29일 00시","updateDt":"null"},{"createDt":"2021-12-29 08:59:08.534","deathCnt":"99","defCnt":"12242","gubun":"강원","gubunCn":"江原","gubunEn":"Gangwon-do","incDec":"87","isolClearCnt":"10839","localOccCnt":"87","overFlowCnt":"0","qurRate":"793","seq":"14175","stdDay":"2021년 12월 29일 00시","updateDt":"null"},{"createDt":"2021-12-29 08:59:08.534","deathCnt":"1766","defCnt":"183425","gubun":"경기","gubunCn":"京畿","gubunEn":"Gyeonggi-do","incDec":"1633","isolClearCnt":"145741","localOccCnt":"1608","overFlowCnt":"25","qurRate":"1366","seq":"14174","stdDay":"2021년 12월 29일 00시","updateDt":"null"},{"createDt":"2021-12-29 08:59:08.533","deathCnt":"4","defCnt":"2104","gubun":"세종","gubunCn":"世宗","gubunEn":"Sejong","incDec":"21","isolClearCnt":"1866","localOccCnt":"19","overFlowCnt":"2","qurRate":"591","seq":"14173","stdDay":"2021년 12월 29일 00시","updateDt":"null"},{"createDt":"2021-12-29 08:59:08.533","deathCnt":"61","defCnt":"6793","gubun":"울산","gubunCn":"蔚山","gubunEn":"Ulsan","incDec":"49","isolClearCnt":"6261","localOccCnt":"47","overFlowCnt":"2","qurRate":"598","seq":"14172","stdDay":"2021년 12월 29일 00시","updateDt":"null"},{"createDt":"2021-12-29 08:59:08.533","deathCnt":"164","defCnt":"12090","gubun":"대전","gubunCn":"大田","gubunEn":"Daejeon","incDec":"79","isolClearCnt":"10020","localOccCnt":"77","overFlowCnt":"2","qurRate":"826","seq":"14171","stdDay":"2021년 12월 29일 00시","updateDt":"null"},{"createDt":"2021-12-29 08:59:08.533","deathCnt":"39","defCnt":"7839","gubun":"광주","gubunCn":"光州","gubunEn":"Gwangju","incDec":"80","isolClearCnt":"7133","localOccCnt":"80","overFlowCnt":"0","qurRate":"541","seq":"14170","stdDay":"2021년 12월 29일 00시","updateDt":"null"},{"createDt":"2021-12-29 08:59:08.532","deathCnt":"257","defCnt":"36101","gubun":"인천","gubunCn":"仁川","gubunEn":"Incheon","incDec":"314","isolClearCnt":"30095","localOccCnt":"309","overFlowCnt":"5","qurRate":"1227","seq":"14169","stdDay":"2021년 12월 29일 00시","updateDt":"null"},{"createDt":"2021-12-29 08:59:08.532","deathCnt":"359","defCnt":"22875","gubun":"대구","gubunCn":"大邱","gubunEn":"Daegu","incDec":"139","isolClearCnt":"21021","localOccCnt":"136","overFlowCnt":"3","qurRate":"946","seq":"14168","stdDay":"2021년 12월 29일 00시","updateDt":"null"},{"createDt":"2021-12-29 08:59:08.532","deathCnt":"261","defCnt":"24560","gubun":"부산","gubunCn":"釜山","gubunEn":"Busan","incDec":"296","isolClearCnt":"20199","localOccCnt":"291","overFlowCnt":"5","qurRate":"724","seq":"14167","stdDay":"2021년 12월 29일 00시","updateDt":"null"},{"createDt":"2021-12-29 08:59:08.532","deathCnt":"1729","defCnt":"221847","gubun":"서울","gubunCn":"首尔","gubunEn":"Seoul","incDec":"1915","isolClearCnt":"171880","localOccCnt":"1869","overFlowCnt":"46","qurRate":"2295","seq":"14166","stdDay":"2021년 12월 29일 00시","updateDt":"null"},{"createDt":"2021-12-29 08:59:08.531","deathCnt":"5382","defCnt":"620938","gubun":"합계","gubunCn":"合计","gubunEn":"Total","incDec":"5409","isolClearCnt":"505470","localOccCnt":"5283","overFlowCnt":"126","qurRate":"1198","seq":"14165","stdDay":"2021년 12월 29일 00시","updateDt":"null"},{"createDt":"2021-12-28 09:02:52.058","deathCnt":"16","defCnt":"6669","gubun":"검역","gubunCn":"隔離區","gubunEn":"Lazaretto","incDec":"10","isolClearCnt":"6452","localOccCnt":"0","overFlowCnt":"10","qurRate":"-","seq":"14164","stdDay":"2021년 12월 28일 00시","updateDt":"null"},{"createDt":"2021-12-28 09:02:52.057","deathCnt":"13","defCnt":"4568","gubun":"제주","gubunCn":"济州","gubunEn":"Jeju","incDec":"6","isolClearCnt":"4328","localOccCnt":"6","overFlowCnt":"0","qurRate":"677","seq":"14163","stdDay":"2021년 12월 28일 00시","updateDt":"null"},{"createDt":"2021-12-28 09:02:52.057","deathCnt":"85","defCnt":"19985","gubun":"경남","gubunCn":"庆南","gubunEn":"Gyeongsangnam-do","incDec":"176","isolClearCnt":"17600","localOccCnt":"173","overFlowCnt":"3","qurRate":"598","seq":"14162","stdDay":"2021년 12월 28일 00시","updateDt":"null"},{"createDt":"2021-12-28 09:02:52.056","deathCnt":"149","defCnt":"15024","gubun":"경북","gubunCn":"庆北","gubunEn":"Gyeongsangbuk-do","incDec":"86","isolClearCnt":"12960","localOccCnt":"84","overFlowCnt":"2","qurRate":"569","seq":"14161","stdDay":"2021년 12월 28일 00시","updateDt":"null"},{"createDt":"2021-12-28 09:02:52.056","deathCnt":"37","defCnt":"5931","gubun":"전남","gubunCn":"全南","gubunEn":"Jeollanam-do","incDec":"38","isolClearCnt":"5181","localOccCnt":"36","overFlowCnt":"2","qurRate":"320","seq":"14160","stdDay":"2021년 12월 28일 00시","updateDt":"null"},{"createDt":"2021-12-28 09:02:52.055","deathCnt":"99","defCnt":"9131","gubun":"전북","gubunCn":"全北","gubunEn":"Jeollabuk-do","incDec":"90","isolClearCnt":"7851","localOccCnt":"90","overFlowCnt":"0","qurRate":"506","seq":"14159","stdDay":"2021년 12월 28일 00시","updateDt":"null"},{"createDt":"2021-12-28 09:02:52.055","deathCnt":"133","defCnt":"17716","gubun":"충남","gubunCn":"忠南","gubunEn":"Chungcheongnam-do","incDec":"128","isolClearCnt":"15074","localOccCnt":"126","overFlowCnt":"2","qurRate":"835","seq":"14158","stdDay":"2021년 12월 28일 00시","updateDt":"null"},{"createDt":"2021-12-28 09:02:52.054","deathCnt":"108","defCnt":"11243","gubun":"충북","gubunCn":"忠北","gubunEn":"Chungcheongbuk-do","incDec":"65","isolClearCnt":"10150","localOccCnt":"64","overFlowCnt":"1","qurRate":"702","seq":"14157","stdDay":"2021년 12월 28일 00시","updateDt":"null"},{"createDt":"2021-12-28 09:02:52.054","deathCnt":"99","defCnt":"12155","gubun":"강원","gubunCn":"江原","gubunEn":"Gangwon-do","incDec":"79","isolClearCnt":"10713","localOccCnt":"79","overFlowCnt":"0","qurRate":"788","seq":"14156","stdDay":"2021년 12월 28일 00시","updateDt":"null"},{"createDt":"2021-12-28 09:02:52.053","deathCnt":"1760","defCnt":"181792","gubun":"경기","gubunCn":"京畿","gubunEn":"Gyeonggi-do","incDec":"1063","isolClearCnt":"145319","localOccCnt":"1045","overFlowCnt":"18","qurRate":"1354","seq":"14155","stdDay":"2021년 12월 28일 00시","updateDt":"null"},{"createDt":"2021-12-28 09:02:52.053","deathCnt":"4","defCnt":"2083","gubun":"세종","gubunCn":"世宗","gubunEn":"Sejong","incDec":"18","isolClearCnt":"1846","localOccCnt":"18","overFlowCnt":"0","qurRate":"585","seq":"14154","stdDay":"2021년 12월 28일 00시","updateDt":"null"},{"createDt":"2021-12-28 09:02:52.052","deathCnt":"61","defCnt":"6744","gubun":"울산","gubunCn":"蔚山","gubunEn":"Ulsan","incDec":"39","isolClearCnt":"6214","localOccCnt":"39","overFlowCnt":"0","qurRate":"594","seq":"14153","stdDay":"2021년 12월 28일 00시","updateDt":"null"},{"createDt":"2021-12-28 09:02:52.052","deathCnt":"161","defCnt":"12011","gubun":"대전","gubunCn":"大田","gubunEn":"Daejeon","incDec":"80","isolClearCnt":"9535","localOccCnt":"79","overFlowCnt":"1","qurRate":"820","seq":"14152","stdDay":"2021년 12월 28일 00시","updateDt":"null"},{"createDt":"2021-12-28 09:02:52.051","deathCnt":"39","defCnt":"7759","gubun":"광주","gubunCn":"光州","gubunEn":"Gwangju","incDec":"70","isolClearCnt":"7074","localOccCnt":"70","overFlowCnt":"0","qurRate":"535","seq":"14151","stdDay":"2021년 12월 28일 00시","updateDt":"null"},{"createDt":"2021-12-28 09:02:52.051","deathCnt":"250","defCnt":"35787","gubun":"인천","gubunCn":"仁川","gubunEn":"Incheon","incDec":"241","isolClearCnt":"29904","localOccCnt":"233","overFlowCnt":"8","qurRate":"1216","seq":"14150","stdDay":"2021년 12월 28일 00시","updateDt":"null"},{"createDt":"2021-12-28 09:02:52.05","deathCnt":"356","defCnt":"22736","gubun":"대구","gubunCn":"大邱","gubunEn":"Daegu","incDec":"149","isolClearCnt":"20850","localOccCnt":"148","overFlowCnt":"1","qurRate":"940","seq":"14149","stdDay":"2021년 12월 28일 00시","updateDt":"null"},{"createDt":"2021-12-28 09:02:52.05","deathCnt":"255","defCnt":"24264","gubun":"부산","gubunCn":"釜山","gubunEn":"Busan","incDec":"237","isolClearCnt":"19481","localOccCnt":"233","overFlowCnt":"4","qurRate":"715","seq":"14148","stdDay":"2021년 12월 28일 00시","updateDt":"null"},{"createDt":"2021-12-28 09:02:52.049","deathCnt":"1721","defCnt":"219934","gubun":"서울","gubunCn":"首尔","gubunEn":"Seoul","incDec":"1290","isolClearCnt":"169741","localOccCnt":"1254","overFlowCnt":"36","qurRate":"2275","seq":"14147","stdDay":"2021년 12월 28일 00시","updateDt":"null"},{"createDt":"2021-12-28 09:02:52.049","deathCnt":"5346","defCnt":"615532","gubun":"합계","gubunCn":"合计","gubunEn":"Total","incDec":"3865","isolClearCnt":"500273","localOccCnt":"3777","overFlowCnt":"88","qurRate":"1188","seq":"14146","stdDay":"2021년 12월 28일 00시","updateDt":"null"},{"createDt":"2021-12-27 09:00:33.916","deathCnt":"16","defCnt":"6659","gubun":"검역","gubunCn":"隔離區","gubunEn":"Lazaretto","incDec":"14","isolClearCnt":"6451","localOccCnt":"0","overFlowCnt":"14","qurRate":"-","seq":"14145","stdDay":"2021년 12월 27일 00시","updateDt":"null"},{"createDt":"2021-12-27 09:00:33.916","deathCnt":"13","defCnt":"4562","gubun":"제주","gubunCn":"济州","gubunEn":"Jeju","incDec":"16","isolClearCnt":"4301","localOccCnt":"16","overFlowCnt":"0","qurRate":"676","seq":"14144","stdDay":"2021년 12월 27일 00시","updateDt":"null"},{"createDt":"2021-12-27 09:00:33.915","deathCnt":"85","defCnt":"19809","gubun":"경남","gubunCn":"庆南","gubunEn":"Gyeongsangnam-do","incDec":"200","isolClearCnt":"17293","localOccCnt":"197","overFlowCnt":"3","qurRate":"593","seq":"14143","stdDay":"2021년 12월 27일 00시","updateDt":"null"},{"createDt":"2021-12-27 09:00:33.915","deathCnt":"149","defCnt":"14938","gubun":"경북","gubunCn":"庆北","gubunEn":"Gyeongsangbuk-do","incDec":"71","isolClearCnt":"12845","localOccCnt":"70","overFlowCnt":"1","qurRate":"566","seq":"14142","stdDay":"2021년 12월 27일 00시","updateDt":"null"},{"createDt":"2021-12-27 09:00:33.915","deathCnt":"37","defCnt":"5893","gubun":"전남","gubunCn":"全南","gubunEn":"Jeollanam-do","incDec":"30","isolClearCnt":"5144","localOccCnt":"30","overFlowCnt":"0","qurRate":"318","seq":"14141","stdDay":"2021년 12월 27일 00시","updateDt":"null"},{"createDt":"2021-12-27 09:00:33.915","deathCnt":"98","defCnt":"9041","gubun":"전북","gubunCn":"全北","gubunEn":"Jeollabuk-do","incDec":"89","isolClearCnt":"7715","localOccCnt":"88","overFlowCnt":"1","qurRate":"501","seq":"14140","stdDay":"2021년 12월 27일 00시","updateDt":"null"},{"createDt":"2021-12-27 09:00:33.915","deathCnt":"131","defCnt":"17588","gubun":"충남","gubunCn":"忠南","gubunEn":"Chungcheongnam-do","incDec":"148","isolClearCnt":"14868","localOccCnt":"148","overFlowCnt":"0","qurRate":"829","seq":"14139","stdDay":"2021년 12월 27일 00시","updateDt":"null"},{"createDt":"2021-12-27 09:00:33.914","deathCnt":"107","defCnt":"11178","gubun":"충북","gubunCn":"忠北","gubunEn":"Chungcheongbuk-do","incDec":"63","isolClearCnt":"10035","localOccCnt":"63","overFlowCnt":"0","qurRate":"698","seq":"14138","stdDay":"2021년 12월 27일 00시","updateDt":"null"},{"createDt":"2021-12-27 09:00:33.914","deathCnt":"99","defCnt":"12076","gubun":"강원","gubunCn":"江原","gubunEn":"Gangwon-do","incDec":"120","isolClearCnt":"10564","localOccCnt":"119","overFlowCnt":"1","qurRate":"783","seq":"14137","stdDay":"2021년 12월 27일 00시","updateDt":"null"},{"createDt":"2021-12-27 09:00:33.914","deathCnt":"1744","defCnt":"180729","gubun":"경기","gubunCn":"京畿","gubunEn":"Gyeonggi-do","incDec":"1173","isolClearCnt":"144838","localOccCnt":"1160","overFlowCnt":"13","qurRate":"1346","seq":"14136","stdDay":"2021년 12월 27일 00시","updateDt":"null"},{"createDt":"2021-12-27 09:00:33.914","deathCnt":"4","defCnt":"2065","gubun":"세종","gubunCn":"世宗","gubunEn":"Sejong","incDec":"10","isolClearCnt":"1802","localOccCnt":"10","overFlowCnt":"0","qurRate":"580","seq":"14135","stdDay":"2021년 12월 27일 00시","updateDt":"null"},{"createDt":"2021-12-27 09:00:33.913","deathCnt":"61","defCnt":"6705","gubun":"울산","gubunCn":"蔚山","gubunEn":"Ulsan","incDec":"42","isolClearCnt":"6170","localOccCnt":"40","overFlowCnt":"2","qurRate":"590","seq":"14134","stdDay":"2021년 12월 27일 00시","updateDt":"null"},{"createDt":"2021-12-27 09:00:33.913","deathCnt":"161","defCnt":"11931","gubun":"대전","gubunCn":"大田","gubunEn":"Daejeon","incDec":"40","isolClearCnt":"9488","localOccCnt":"38","overFlowCnt":"2","qurRate":"815","seq":"14133","stdDay":"2021년 12월 27일 00시","updateDt":"null"},{"createDt":"2021-12-27 09:00:33.913","deathCnt":"38","defCnt":"7689","gubun":"광주","gubunCn":"光州","gubunEn":"Gwangju","incDec":"60","isolClearCnt":"7026","localOccCnt":"59","overFlowCnt":"1","qurRate":"530","seq":"14132","stdDay":"2021년 12월 27일 00시","updateDt":"null"},{"createDt":"2021-12-27 09:00:33.913","deathCnt":"249","defCnt":"35546","gubun":"인천","gubunCn":"仁川","gubunEn":"Incheon","incDec":"234","isolClearCnt":"29680","localOccCnt":"227","overFlowCnt":"7","qurRate":"1208","seq":"14131","stdDay":"2021년 12월 27일 00시","updateDt":"null"},{"createDt":"2021-12-27 09:00:33.913","deathCnt":"356","defCnt":"22588","gubun":"대구","gubunCn":"大邱","gubunEn":"Daegu","incDec":"131","isolClearCnt":"20663","localOccCnt":"127","overFlowCnt":"4","qurRate":"934","seq":"14130","stdDay":"2021년 12월 27일 00시","updateDt":"null"},{"createDt":"2021-12-27 09:00:33.912","deathCnt":"254","defCnt":"24027","gubun":"부산","gubunCn":"釜山","gubunEn":"Busan","incDec":"270","isolClearCnt":"19481","localOccCnt":"267","overFlowCnt":"3","qurRate":"708","seq":"14129","stdDay":"2021년 12월 27일 00시","updateDt":"null"},{"createDt":"2021-12-27 09:00:33.912","deathCnt":"1698","defCnt":"218646","gubun":"서울","gubunCn":"首尔","gubunEn":"Seoul","incDec":"1496","isolClearCnt":"168574","localOccCnt":"1466","overFlowCnt":"30","qurRate":"2261","seq":"14128","stdDay":"2021년 12월 27일 00시","updateDt":"null"},{"createDt":"2021-12-27 09:00:33.912","deathCnt":"5300","defCnt":"611670","gubun":"합계","gubunCn":"合计","gubunEn":"Total","incDec":"4207","isolClearCnt":"496938","localOccCnt":"4125","overFlowCnt":"82","qurRate":"1180","seq":"14127","stdDay":"2021년 12월 27일 00시","updateDt":"null"},{"createDt":"2021-12-26 08:02:50.677","deathCnt":"16","defCnt":"6645","gubun":"검역","gubunCn":"隔離區","gubunEn":"Lazaretto","incDec":"5","isolClearCnt":"6444","localOccCnt":"0","overFlowCnt":"5","qurRate":"-","seq":"14126","stdDay":"2021년 12월 26일 00시","updateDt":"null"},{"createDt":"2021-12-26 08:02:50.677","deathCnt":"13","defCnt":"4546","gubun":"제주","gubunCn":"济州","gubunEn":"Jeju","incDec":"28","isolClearCnt":"4265","localOccCnt":"28","overFlowCnt":"0","qurRate":"674","seq":"14125","stdDay":"2021년 12월 26일 00시","updateDt":"null"},{"createDt":"2021-12-26 08:02:50.677","deathCnt":"85","defCnt":"19609","gubun":"경남","gubunCn":"庆南","gubunEn":"Gyeongsangnam-do","incDec":"201","isolClearCnt":"17148","localOccCnt":"200","overFlowCnt":"1","qurRate":"587","seq":"14124","stdDay":"2021년 12월 26일 00시","updateDt":"null"},{"createDt":"2021-12-26 08:02:50.677","deathCnt":"148","defCnt":"14867","gubun":"경북","gubunCn":"庆北","gubunEn":"Gyeongsangbuk-do","incDec":"130","isolClearCnt":"12718","localOccCnt":"125","overFlowCnt":"5","qurRate":"563","seq":"14123","stdDay":"2021년 12월 26일 00시","updateDt":"null"},{"createDt":"2021-12-26 08:02:50.676","deathCnt":"34","defCnt":"5863","gubun":"전남","gubunCn":"全南","gubunEn":"Jeollanam-do","incDec":"48","isolClearCnt":"5098","localOccCnt":"47","overFlowCnt":"1","qurRate":"317","seq":"14122","stdDay":"2021년 12월 26일 00시","updateDt":"null"},{"createDt":"2021-12-26 08:02:50.676","deathCnt":"98","defCnt":"8952","gubun":"전북","gubunCn":"全北","gubunEn":"Jeollabuk-do","incDec":"98","isolClearCnt":"7577","localOccCnt":"97","overFlowCnt":"1","qurRate":"496","seq":"14121","stdDay":"2021년 12월 26일 00시","updateDt":"null"},{"createDt":"2021-12-26 08:02:50.676","deathCnt":"128","defCnt":"17440","gubun":"충남","gubunCn":"忠南","gubunEn":"Chungcheongnam-do","incDec":"117","isolClearCnt":"14818","localOccCnt":"116","overFlowCnt":"1","qurRate":"822","seq":"14120","stdDay":"2021년 12월 26일 00시","updateDt":"null"},{"createDt":"2021-12-26 08:02:50.676","deathCnt":"107","defCnt":"11115","gubun":"충북","gubunCn":"忠北","gubunEn":"Chungcheongbuk-do","incDec":"80","isolClearCnt":"9935","localOccCnt":"79","overFlowCnt":"1","qurRate":"694","seq":"14119","stdDay":"2021년 12월 26일 00시","updateDt":"null"},{"createDt":"2021-12-26 08:02:50.676","deathCnt":"98","defCnt":"11956","gubun":"강원","gubunCn":"江原","gubunEn":"Gangwon-do","incDec":"107","isolClearCnt":"10414","localOccCnt":"107","overFlowCnt":"0","qurRate":"775","seq":"14118","stdDay":"2021년 12월 26일 00시","updateDt":"null"},{"createDt":"2021-12-26 08:02:50.675","deathCnt":"1733","defCnt":"179556","gubun":"경기","gubunCn":"京畿","gubunEn":"Gyeonggi-do","incDec":"1653","isolClearCnt":"144646","localOccCnt":"1634","overFlowCnt":"19","qurRate":"1337","seq":"14117","stdDay":"2021년 12월 26일 00시","updateDt":"null"},{"createDt":"2021-12-26 08:02:50.675","deathCnt":"3","defCnt":"2055","gubun":"세종","gubunCn":"世宗","gubunEn":"Sejong","incDec":"12","isolClearCnt":"1782","localOccCnt":"10","overFlowCnt":"2","qurRate":"578","seq":"14116","stdDay":"2021년 12월 26일 00시","updateDt":"null"},{"createDt":"2021-12-26 08:02:50.675","deathCnt":"61","defCnt":"6663","gubun":"울산","gubunCn":"蔚山","gubunEn":"Ulsan","incDec":"53","isolClearCnt":"6113","localOccCnt":"52","overFlowCnt":"1","qurRate":"587","seq":"14115","stdDay":"2021년 12월 26일 00시","updateDt":"null"},{"createDt":"2021-12-26 08:02:50.675","deathCnt":"156","defCnt":"11891","gubun":"대전","gubunCn":"大田","gubunEn":"Daejeon","incDec":"84","isolClearCnt":"9483","localOccCnt":"77","overFlowCnt":"7","qurRate":"812","seq":"14114","stdDay":"2021년 12월 26일 00시","updateDt":"null"},{"createDt":"2021-12-26 08:02:50.675","deathCnt":"38","defCnt":"7629","gubun":"광주","gubunCn":"光州","gubunEn":"Gwangju","incDec":"67","isolClearCnt":"6984","localOccCnt":"65","overFlowCnt":"2","qurRate":"526","seq":"14113","stdDay":"2021년 12월 26일 00시","updateDt":"null"},{"createDt":"2021-12-26 08:02:50.674","deathCnt":"241","defCnt":"35312","gubun":"인천","gubunCn":"仁川","gubunEn":"Incheon","incDec":"328","isolClearCnt":"29435","localOccCnt":"325","overFlowCnt":"3","qurRate":"1200","seq":"14112","stdDay":"2021년 12월 26일 00시","updateDt":"null"},{"createDt":"2021-12-26 08:02:50.674","deathCnt":"356","defCnt":"22457","gubun":"대구","gubunCn":"大邱","gubunEn":"Daegu","incDec":"120","isolClearCnt":"20488","localOccCnt":"120","overFlowCnt":"0","qurRate":"929","seq":"14111","stdDay":"2021년 12월 26일 00시","updateDt":"null"},{"createDt":"2021-12-26 08:02:50.674","deathCnt":"249","defCnt":"23757","gubun":"부산","gubunCn":"釜山","gubunEn":"Busan","incDec":"371","isolClearCnt":"19208","localOccCnt":"368","overFlowCnt":"3","qurRate":"700","seq":"14110","stdDay":"2021년 12월 26일 00시","updateDt":"null"},{"createDt":"2021-12-26 08:02:50.674","deathCnt":"1681","defCnt":"217150","gubun":"서울","gubunCn":"首尔","gubunEn":"Seoul","incDec":"1917","isolClearCnt":"167649","localOccCnt":"1889","overFlowCnt":"28","qurRate":"2246","seq":"14109","stdDay":"2021년 12월 26일 00시","updateDt":"null"},{"createDt":"2021-12-26 08:02:50.673","deathCnt":"5245","defCnt":"607463","gubun":"합계","gubunCn":"合计","gubunEn":"Total","incDec":"5419","isolClearCnt":"494205","localOccCnt":"5339","overFlowCnt":"80","qurRate":"1172","seq":"14108","stdDay":"2021년 12월 26일 00시","updateDt":"null"},{"createDt":"2021-12-25 07:37:53.455","deathCnt":"16","defCnt":"6640","gubun":"검역","gubunCn":"隔離區","gubunEn":"Lazaretto","incDec":"13","isolClearCnt":"6444","localOccCnt":"0","overFlowCnt":"13","qurRate":"-","seq":"14107","stdDay":"2021년 12월 25일 00시","updateDt":"null"},{"createDt":"2021-12-25 07:37:53.455","deathCnt":"13","defCnt":"4518","gubun":"제주","gubunCn":"济州","gubunEn":"Jeju","incDec":"15","isolClearCnt":"4238","localOccCnt":"15","overFlowCnt":"0","qurRate":"670","seq":"14106","stdDay":"2021년 12월 25일 00시","updateDt":"null"},{"createDt":"2021-12-25 07:37:53.454","deathCnt":"82","defCnt":"19408","gubun":"경남","gubunCn":"庆南","gubunEn":"Gyeongsangnam-do","incDec":"213","isolClearCnt":"17079","localOccCnt":"212","overFlowCnt":"1","qurRate":"581","seq":"14105","stdDay":"2021년 12월 25일 00시","updateDt":"null"},{"createDt":"2021-12-25 07:37:53.454","deathCnt":"145","defCnt":"14737","gubun":"경북","gubunCn":"庆北","gubunEn":"Gyeongsangbuk-do","incDec":"128","isolClearCnt":"12588","localOccCnt":"127","overFlowCnt":"1","qurRate":"558","seq":"14104","stdDay":"2021년 12월 25일 00시","updateDt":"null"},{"createDt":"2021-12-25 07:37:53.454","deathCnt":"34","defCnt":"5815","gubun":"전남","gubunCn":"全南","gubunEn":"Jeollanam-do","incDec":"53","isolClearCnt":"5007","localOccCnt":"53","overFlowCnt":"0","qurRate":"314","seq":"14103","stdDay":"2021년 12월 25일 00시","updateDt":"null"},{"createDt":"2021-12-25 07:37:53.454","deathCnt":"97","defCnt":"8854","gubun":"전북","gubunCn":"全北","gubunEn":"Jeollabuk-do","incDec":"116","isolClearCnt":"7477","localOccCnt":"114","overFlowCnt":"2","qurRate":"491","seq":"14102","stdDay":"2021년 12월 25일 00시","updateDt":"null"},{"createDt":"2021-12-25 07:37:53.454","deathCnt":"125","defCnt":"17323","gubun":"충남","gubunCn":"忠南","gubunEn":"Chungcheongnam-do","incDec":"161","isolClearCnt":"14676","localOccCnt":"161","overFlowCnt":"0","qurRate":"817","seq":"14101","stdDay":"2021년 12월 25일 00시","updateDt":"null"},{"createDt":"2021-12-25 07:37:53.453","deathCnt":"106","defCnt":"11036","gubun":"충북","gubunCn":"忠北","gubunEn":"Chungcheongbuk-do","incDec":"83","isolClearCnt":"9843","localOccCnt":"83","overFlowCnt":"0","qurRate":"689","seq":"14100","stdDay":"2021년 12월 25일 00시","updateDt":"null"},{"createDt":"2021-12-25 07:37:53.453","deathCnt":"97","defCnt":"11849","gubun":"강원","gubunCn":"江原","gubunEn":"Gangwon-do","incDec":"147","isolClearCnt":"10289","localOccCnt":"147","overFlowCnt":"0","qurRate":"768","seq":"14099","stdDay":"2021년 12월 25일 00시","updateDt":"null"},{"createDt":"2021-12-25 07:37:53.453","deathCnt":"1702","defCnt":"177903","gubun":"경기","gubunCn":"京畿","gubunEn":"Gyeonggi-do","incDec":"1680","isolClearCnt":"144338","localOccCnt":"1663","overFlowCnt":"17","qurRate":"1325","seq":"14098","stdDay":"2021년 12월 25일 00시","updateDt":"null"},{"createDt":"2021-12-25 07:37:53.453","deathCnt":"3","defCnt":"2043","gubun":"세종","gubunCn":"世宗","gubunEn":"Sejong","incDec":"21","isolClearCnt":"1760","localOccCnt":"21","overFlowCnt":"0","qurRate":"574","seq":"14097","stdDay":"2021년 12월 25일 00시","updateDt":"null"},{"createDt":"2021-12-25 07:37:53.452","deathCnt":"61","defCnt":"6610","gubun":"울산","gubunCn":"蔚山","gubunEn":"Ulsan","incDec":"63","isolClearCnt":"6040","localOccCnt":"62","overFlowCnt":"1","qurRate":"582","seq":"14096","stdDay":"2021년 12월 25일 00시","updateDt":"null"},{"createDt":"2021-12-25 07:37:53.452","deathCnt":"154","defCnt":"11807","gubun":"대전","gubunCn":"大田","gubunEn":"Daejeon","incDec":"104","isolClearCnt":"9299","localOccCnt":"102","overFlowCnt":"2","qurRate":"807","seq":"14095","stdDay":"2021년 12월 25일 00시","updateDt":"null"},{"createDt":"2021-12-25 07:37:53.452","deathCnt":"37","defCnt":"7562","gubun":"광주","gubunCn":"光州","gubunEn":"Gwangju","incDec":"78","isolClearCnt":"6941","localOccCnt":"76","overFlowCnt":"2","qurRate":"521","seq":"14094","stdDay":"2021년 12월 25일 00시","updateDt":"null"},{"createDt":"2021-12-25 07:37:53.452","deathCnt":"238","defCnt":"34984","gubun":"인천","gubunCn":"仁川","gubunEn":"Incheon","incDec":"400","isolClearCnt":"29176","localOccCnt":"398","overFlowCnt":"2","qurRate":"1189","seq":"14093","stdDay":"2021년 12월 25일 00시","updateDt":"null"},{"createDt":"2021-12-25 07:37:53.452","deathCnt":"356","defCnt":"22337","gubun":"대구","gubunCn":"大邱","gubunEn":"Daegu","incDec":"103","isolClearCnt":"20378","localOccCnt":"102","overFlowCnt":"1","qurRate":"924","seq":"14092","stdDay":"2021년 12월 25일 00시","updateDt":"null"},{"createDt":"2021-12-25 07:37:53.451","deathCnt":"247","defCnt":"23386","gubun":"부산","gubunCn":"釜山","gubunEn":"Busan","incDec":"341","isolClearCnt":"18849","localOccCnt":"340","overFlowCnt":"1","qurRate":"689","seq":"14091","stdDay":"2021년 12월 25일 00시","updateDt":"null"},{"createDt":"2021-12-25 07:37:53.451","deathCnt":"1663","defCnt":"215233","gubun":"서울","gubunCn":"首尔","gubunEn":"Seoul","incDec":"2123","isolClearCnt":"165521","localOccCnt":"2091","overFlowCnt":"32","qurRate":"2226","seq":"14090","stdDay":"2021년 12월 25일 00시","updateDt":"null"},{"createDt":"2021-12-25 07:37:53.451","deathCnt":"5176","defCnt":"602045","gubun":"합계","gubunCn":"合计","gubunEn":"Total","incDec":"5842","isolClearCnt":"489943","localOccCnt":"5767","overFlowCnt":"75","qurRate":"1162","seq":"14089","stdDay":"2021년 12월 25일 00시","updateDt":"null"},{"createDt":"2021-12-24 09:04:23.503","deathCnt":"16","defCnt":"6627","gubun":"검역","gubunCn":"隔離區","gubunEn":"Lazaretto","incDec":"8","isolClearCnt":"6442","localOccCnt":"0","overFlowCnt":"8","qurRate":"-","seq":"14088","stdDay":"2021년 12월 24일 00시","updateDt":"null"},{"createDt":"2021-12-24 09:04:23.503","deathCnt":"13","defCnt":"4503","gubun":"제주","gubunCn":"济州","gubunEn":"Jeju","incDec":"25","isolClearCnt":"4200","localOccCnt":"24","overFlowCnt":"1","qurRate":"667","seq":"14087","stdDay":"2021년 12월 24일 00시","updateDt":"null"},{"createDt":"2021-12-24 09:04:23.503","deathCnt":"81","defCnt":"19195","gubun":"경남","gubunCn":"庆南","gubunEn":"Gyeongsangnam-do","incDec":"230","isolClearCnt":"16791","localOccCnt":"228","overFlowCnt":"2","qurRate":"575","seq":"14086","stdDay":"2021년 12월 24일 00시","updateDt":"null"},{"createDt":"2021-12-24 09:04:23.503","deathCnt":"143","defCnt":"14609","gubun":"경북","gubunCn":"庆北","gubunEn":"Gyeongsangbuk-do","incDec":"144","isolClearCnt":"12379","localOccCnt":"144","overFlowCnt":"0","qurRate":"553","seq":"14085","stdDay":"2021년 12월 24일 00시","updateDt":"null"},{"createDt":"2021-12-24 09:04:23.502","deathCnt":"34","defCnt":"5762","gubun":"전남","gubunCn":"全南","gubunEn":"Jeollanam-do","incDec":"69","isolClearCnt":"4967","localOccCnt":"68","overFlowCnt":"1","qurRate":"311","seq":"14084","stdDay":"2021년 12월 24일 00시","updateDt":"null"},{"createDt":"2021-12-24 09:04:23.502","deathCnt":"97","defCnt":"8738","gubun":"전북","gubunCn":"全北","gubunEn":"Jeollabuk-do","incDec":"118","isolClearCnt":"7361","localOccCnt":"117","overFlowCnt":"1","qurRate":"484","seq":"14083","stdDay":"2021년 12월 24일 00시","updateDt":"null"},{"createDt":"2021-12-24 09:04:23.502","deathCnt":"123","defCnt":"17162","gubun":"충남","gubunCn":"忠南","gubunEn":"Chungcheongnam-do","incDec":"180","isolClearCnt":"14428","localOccCnt":"176","overFlowCnt":"4","qurRate":"809","seq":"14082","stdDay":"2021년 12월 24일 00시","updateDt":"null"},{"createDt":"2021-12-24 09:04:23.502","deathCnt":"105","defCnt":"10953","gubun":"충북","gubunCn":"忠北","gubunEn":"Chungcheongbuk-do","incDec":"91","isolClearCnt":"9738","localOccCnt":"90","overFlowCnt":"1","qurRate":"684","seq":"14081","stdDay":"2021년 12월 24일 00시","updateDt":"null"},{"createDt":"2021-12-24 09:04:23.502","deathCnt":"97","defCnt":"11702","gubun":"강원","gubunCn":"江原","gubunEn":"Gangwon-do","incDec":"130","isolClearCnt":"10143","localOccCnt":"129","overFlowCnt":"1","qurRate":"758","seq":"14080","stdDay":"2021년 12월 24일 00시","updateDt":"null"},{"createDt":"2021-12-24 09:04:23.501","deathCnt":"1666","defCnt":"176223","gubun":"경기","gubunCn":"京畿","gubunEn":"Gyeonggi-do","incDec":"1668","isolClearCnt":"144074","localOccCnt":"1647","overFlowCnt":"21","qurRate":"1312","seq":"14079","stdDay":"2021년 12월 24일 00시","updateDt":"null"},{"createDt":"2021-12-24 09:04:23.501","deathCnt":"3","defCnt":"2022","gubun":"세종","gubunCn":"世宗","gubunEn":"Sejong","incDec":"36","isolClearCnt":"1729","localOccCnt":"36","overFlowCnt":"0","qurRate":"568","seq":"14078","stdDay":"2021년 12월 24일 00시","updateDt":"null"},{"createDt":"2021-12-24 09:04:23.501","deathCnt":"61","defCnt":"6547","gubun":"울산","gubunCn":"蔚山","gubunEn":"Ulsan","incDec":"43","isolClearCnt":"5992","localOccCnt":"43","overFlowCnt":"0","qurRate":"576","seq":"14077","stdDay":"2021년 12월 24일 00시","updateDt":"null"},{"createDt":"2021-12-24 09:04:23.5","deathCnt":"148","defCnt":"11703","gubun":"대전","gubunCn":"大田","gubunEn":"Daejeon","incDec":"81","isolClearCnt":"9180","localOccCnt":"81","overFlowCnt":"0","qurRate":"799","seq":"14076","stdDay":"2021년 12월 24일 00시","updateDt":"null"},{"createDt":"2021-12-24 09:04:23.5","deathCnt":"37","defCnt":"7484","gubun":"광주","gubunCn":"光州","gubunEn":"Gwangju","incDec":"54","isolClearCnt":"6883","localOccCnt":"54","overFlowCnt":"0","qurRate":"516","seq":"14075","stdDay":"2021년 12월 24일 00시","updateDt":"null"},{"createDt":"2021-12-24 09:04:23.5","deathCnt":"234","defCnt":"34585","gubun":"인천","gubunCn":"仁川","gubunEn":"Incheon","incDec":"438","isolClearCnt":"28945","localOccCnt":"433","overFlowCnt":"5","qurRate":"1175","seq":"14074","stdDay":"2021년 12월 24일 00시","updateDt":"null"},{"createDt":"2021-12-24 09:04:23.5","deathCnt":"354","defCnt":"22234","gubun":"대구","gubunCn":"大邱","gubunEn":"Daegu","incDec":"151","isolClearCnt":"20197","localOccCnt":"150","overFlowCnt":"1","qurRate":"919","seq":"14073","stdDay":"2021년 12월 24일 00시","updateDt":"null"},{"createDt":"2021-12-24 09:04:23.5","deathCnt":"244","defCnt":"23046","gubun":"부산","gubunCn":"釜山","gubunEn":"Busan","incDec":"421","isolClearCnt":"18184","localOccCnt":"419","overFlowCnt":"2","qurRate":"679","seq":"14072","stdDay":"2021년 12월 24일 00시","updateDt":"null"},{"createDt":"2021-12-24 09:04:23.499","deathCnt":"1615","defCnt":"213114","gubun":"서울","gubunCn":"首尔","gubunEn":"Seoul","incDec":"2346","isolClearCnt":"164088","localOccCnt":"2324","overFlowCnt":"22","qurRate":"2204","seq":"14071","stdDay":"2021년 12월 24일 00시","updateDt":"null"},{"createDt":"2021-12-24 09:04:23.499","deathCnt":"5071","defCnt":"596209","gubun":"합계","gubunCn":"合计","gubunEn":"Total","incDec":"6233","isolClearCnt":"485721","localOccCnt":"6163","overFlowCnt":"70","qurRate":"1150","seq":"14070","stdDay":"2021년 12월 24일 00시","updateDt":"null"},{"createDt":"2021-12-23 08:53:41.657","deathCnt":"16","defCnt":"6619","gubun":"검역","gubunCn":"隔離區","gubunEn":"Lazaretto","incDec":"6","isolClearCnt":"6422","localOccCnt":"0","overFlowCnt":"6","qurRate":"-","seq":"14069","stdDay":"2021년 12월 23일 00시","updateDt":"null"},{"createDt":"2021-12-23 08:53:41.657","deathCnt":"13","defCnt":"4478","gubun":"제주","gubunCn":"济州","gubunEn":"Jeju","incDec":"17","isolClearCnt":"4157","localOccCnt":"17","overFlowCnt":"0","qurRate":"664","seq":"14068","stdDay":"2021년 12월 23일 00시","updateDt":"null"},{"createDt":"2021-12-23 08:53:41.657","deathCnt":"79","defCnt":"18965","gubun":"경남","gubunCn":"庆南","gubunEn":"Gyeongsangnam-do","incDec":"201","isolClearCnt":"16339","localOccCnt":"200","overFlowCnt":"1","qurRate":"568","seq":"14067","stdDay":"2021년 12월 23일 00시","updateDt":"null"},{"createDt":"2021-12-23 08:53:41.657","deathCnt":"140","defCnt":"14466","gubun":"경북","gubunCn":"庆北","gubunEn":"Gyeongsangbuk-do","incDec":"135","isolClearCnt":"12319","localOccCnt":"134","overFlowCnt":"1","qurRate":"548","seq":"14066","stdDay":"2021년 12월 23일 00시","updateDt":"null"},{"createDt":"2021-12-23 08:53:41.657","deathCnt":"34","defCnt":"5693","gubun":"전남","gubunCn":"全南","gubunEn":"Jeollanam-do","incDec":"69","isolClearCnt":"4880","localOccCnt":"68","overFlowCnt":"1","qurRate":"307","seq":"14065","stdDay":"2021년 12월 23일 00시","updateDt":"null"},{"createDt":"2021-12-23 08:53:41.656","deathCnt":"97","defCnt":"8620","gubun":"전북","gubunCn":"全北","gubunEn":"Jeollabuk-do","incDec":"149","isolClearCnt":"7237","localOccCnt":"149","overFlowCnt":"0","qurRate":"478","seq":"14064","stdDay":"2021년 12월 23일 00시","updateDt":"null"},{"createDt":"2021-12-23 08:53:41.656","deathCnt":"122","defCnt":"16982","gubun":"충남","gubunCn":"忠南","gubunEn":"Chungcheongnam-do","incDec":"183","isolClearCnt":"14105","localOccCnt":"180","overFlowCnt":"3","qurRate":"801","seq":"14063","stdDay":"2021년 12월 23일 00시","updateDt":"null"},{"createDt":"2021-12-23 08:53:41.656","deathCnt":"105","defCnt":"10862","gubun":"충북","gubunCn":"忠北","gubunEn":"Chungcheongbuk-do","incDec":"85","isolClearCnt":"9652","localOccCnt":"85","overFlowCnt":"0","qurRate":"679","seq":"14062","stdDay":"2021년 12월 23일 00시","updateDt":"null"},{"createDt":"2021-12-23 08:53:41.656","deathCnt":"97","defCnt":"11572","gubun":"강원","gubunCn":"江原","gubunEn":"Gangwon-do","incDec":"120","isolClearCnt":"10011","localOccCnt":"120","overFlowCnt":"0","qurRate":"750","seq":"14061","stdDay":"2021년 12월 23일 00시","updateDt":"null"},{"createDt":"2021-12-23 08:53:41.655","deathCnt":"1648","defCnt":"174555","gubun":"경기","gubunCn":"京畿","gubunEn":"Gyeonggi-do","incDec":"1949","isolClearCnt":"134647","localOccCnt":"1929","overFlowCnt":"20","qurRate":"1300","seq":"14060","stdDay":"2021년 12월 23일 00시","updateDt":"null"},{"createDt":"2021-12-23 08:53:41.655","deathCnt":"3","defCnt":"1987","gubun":"세종","gubunCn":"世宗","gubunEn":"Sejong","incDec":"19","isolClearCnt":"1713","localOccCnt":"18","overFlowCnt":"1","qurRate":"558","seq":"14059","stdDay":"2021년 12월 23일 00시","updateDt":"null"},{"createDt":"2021-12-23 08:53:41.655","deathCnt":"61","defCnt":"6504","gubun":"울산","gubunCn":"蔚山","gubunEn":"Ulsan","incDec":"44","isolClearCnt":"5929","localOccCnt":"43","overFlowCnt":"1","qurRate":"573","seq":"14058","stdDay":"2021년 12월 23일 00시","updateDt":"null"},{"createDt":"2021-12-23 08:53:41.655","deathCnt":"145","defCnt":"11622","gubun":"대전","gubunCn":"大田","gubunEn":"Daejeon","incDec":"133","isolClearCnt":"9123","localOccCnt":"133","overFlowCnt":"0","qurRate":"794","seq":"14057","stdDay":"2021년 12월 23일 00시","updateDt":"null"},{"createDt":"2021-12-23 08:53:41.655","deathCnt":"37","defCnt":"7430","gubun":"광주","gubunCn":"光州","gubunEn":"Gwangju","incDec":"66","isolClearCnt":"6837","localOccCnt":"66","overFlowCnt":"0","qurRate":"512","seq":"14056","stdDay":"2021년 12월 23일 00시","updateDt":"null"},{"createDt":"2021-12-23 08:53:41.654","deathCnt":"230","defCnt":"34147","gubun":"인천","gubunCn":"仁川","gubunEn":"Incheon","incDec":"422","isolClearCnt":"27037","localOccCnt":"420","overFlowCnt":"2","qurRate":"1160","seq":"14055","stdDay":"2021년 12월 23일 00시","updateDt":"null"},{"createDt":"2021-12-23 08:53:41.654","deathCnt":"349","defCnt":"22083","gubun":"대구","gubunCn":"大邱","gubunEn":"Daegu","incDec":"168","isolClearCnt":"20056","localOccCnt":"167","overFlowCnt":"1","qurRate":"913","seq":"14054","stdDay":"2021년 12월 23일 00시","updateDt":"null"},{"createDt":"2021-12-23 08:53:41.654","deathCnt":"241","defCnt":"22625","gubun":"부산","gubunCn":"釜山","gubunEn":"Busan","incDec":"433","isolClearCnt":"17961","localOccCnt":"432","overFlowCnt":"1","qurRate":"667","seq":"14053","stdDay":"2021년 12월 23일 00시","updateDt":"null"},{"createDt":"2021-12-23 08:53:41.654","deathCnt":"1598","defCnt":"210768","gubun":"서울","gubunCn":"首尔","gubunEn":"Seoul","incDec":"2720","isolClearCnt":"160630","localOccCnt":"2695","overFlowCnt":"25","qurRate":"2180","seq":"14052","stdDay":"2021년 12월 23일 00시","updateDt":"null"},{"createDt":"2021-12-23 08:53:41.653","deathCnt":"5015","defCnt":"589978","gubun":"합계","gubunCn":"合计","gubunEn":"Total","incDec":"6919","isolClearCnt":"469055","localOccCnt":"6856","overFlowCnt":"63","qurRate":"1138","seq":"14051","stdDay":"2021년 12월 23일 00시","updateDt":"null"},{"createDt":"2021-12-22 09:22:43.008","deathCnt":"16","defCnt":"6613","gubun":"검역","gubunCn":"隔離區","gubunEn":"Lazaretto","incDec":"5","isolClearCnt":"6416","localOccCnt":"0","overFlowCnt":"5","qurRate":"-","seq":"14050","stdDay":"2021년 12월 22일 00시","updateDt":"null"},{"createDt":"2021-12-22 09:22:43.008","deathCnt":"13","defCnt":"4461","gubun":"제주","gubunCn":"济州","gubunEn":"Jeju","incDec":"37","isolClearCnt":"4116","localOccCnt":"37","overFlowCnt":"0","qurRate":"661","seq":"14049","stdDay":"2021년 12월 22일 00시","updateDt":"null"},{"createDt":"2021-12-22 09:22:43.007","deathCnt":"77","defCnt":"18764","gubun":"경남","gubunCn":"庆南","gubunEn":"Gyeongsangnam-do","incDec":"252","isolClearCnt":"16339","localOccCnt":"246","overFlowCnt":"6","qurRate":"562","seq":"14048","stdDay":"2021년 12월 22일 00시","updateDt":"null"},{"createDt":"2021-12-22 09:22:43.007","deathCnt":"135","defCnt":"14331","gubun":"경북","gubunCn":"庆北","gubunEn":"Gyeongsangbuk-do","incDec":"139","isolClearCnt":"12225","localOccCnt":"137","overFlowCnt":"2","qurRate":"543","seq":"14047","stdDay":"2021년 12월 22일 00시","updateDt":"null"},{"createDt":"2021-12-22 09:22:43.007","deathCnt":"32","defCnt":"5624","gubun":"전남","gubunCn":"全南","gubunEn":"Jeollanam-do","incDec":"47","isolClearCnt":"4751","localOccCnt":"46","overFlowCnt":"1","qurRate":"304","seq":"14046","stdDay":"2021년 12월 22일 00시","updateDt":"null"},{"createDt":"2021-12-22 09:22:43.007","deathCnt":"97","defCnt":"8475","gubun":"전북","gubunCn":"全北","gubunEn":"Jeollabuk-do","incDec":"135","isolClearCnt":"7151","localOccCnt":"135","overFlowCnt":"0","qurRate":"470","seq":"14045","stdDay":"2021년 12월 22일 00시","updateDt":"null"},{"createDt":"2021-12-22 09:22:43.007","deathCnt":"122","defCnt":"16801","gubun":"충남","gubunCn":"忠南","gubunEn":"Chungcheongnam-do","incDec":"165","isolClearCnt":"13955","localOccCnt":"162","overFlowCnt":"3","qurRate":"792","seq":"14044","stdDay":"2021년 12월 22일 00시","updateDt":"null"},{"createDt":"2021-12-22 09:22:43.006","deathCnt":"104","defCnt":"10777","gubun":"충북","gubunCn":"忠北","gubunEn":"Chungcheongbuk-do","incDec":"123","isolClearCnt":"9586","localOccCnt":"121","overFlowCnt":"2","qurRate":"673","seq":"14043","stdDay":"2021년 12월 22일 00시","updateDt":"null"},{"createDt":"2021-12-22 09:22:43.006","deathCnt":"96","defCnt":"11452","gubun":"강원","gubunCn":"江原","gubunEn":"Gangwon-do","incDec":"130","isolClearCnt":"9815","localOccCnt":"130","overFlowCnt":"0","qurRate":"742","seq":"14042","stdDay":"2021년 12월 22일 00시","updateDt":"null"},{"createDt":"2021-12-22 09:22:43.006","deathCnt":"1609","defCnt":"172606","gubun":"경기","gubunCn":"京畿","gubunEn":"Gyeonggi-do","incDec":"2225","isolClearCnt":"134403","localOccCnt":"2192","overFlowCnt":"33","qurRate":"1286","seq":"14041","stdDay":"2021년 12월 22일 00시","updateDt":"null"},{"createDt":"2021-12-22 09:22:43.006","deathCnt":"3","defCnt":"1968","gubun":"세종","gubunCn":"世宗","gubunEn":"Sejong","incDec":"47","isolClearCnt":"1700","localOccCnt":"45","overFlowCnt":"2","qurRate":"553","seq":"14040","stdDay":"2021년 12월 22일 00시","updateDt":"null"},{"createDt":"2021-12-22 09:22:43.006","deathCnt":"60","defCnt":"6460","gubun":"울산","gubunCn":"蔚山","gubunEn":"Ulsan","incDec":"39","isolClearCnt":"5879","localOccCnt":"39","overFlowCnt":"0","qurRate":"569","seq":"14039","stdDay":"2021년 12월 22일 00시","updateDt":"null"},{"createDt":"2021-12-22 09:22:43.005","deathCnt":"129","defCnt":"11489","gubun":"대전","gubunCn":"大田","gubunEn":"Daejeon","incDec":"157","isolClearCnt":"8966","localOccCnt":"156","overFlowCnt":"1","qurRate":"785","seq":"14038","stdDay":"2021년 12월 22일 00시","updateDt":"null"},{"createDt":"2021-12-22 09:22:43.005","deathCnt":"36","defCnt":"7364","gubun":"광주","gubunCn":"光州","gubunEn":"Gwangju","incDec":"106","isolClearCnt":"6791","localOccCnt":"103","overFlowCnt":"3","qurRate":"508","seq":"14037","stdDay":"2021년 12월 22일 00시","updateDt":"null"},{"createDt":"2021-12-22 09:22:43.005","deathCnt":"224","defCnt":"33725","gubun":"인천","gubunCn":"仁川","gubunEn":"Incheon","incDec":"479","isolClearCnt":"26859","localOccCnt":"475","overFlowCnt":"4","qurRate":"1146","seq":"14036","stdDay":"2021년 12월 22일 00시","updateDt":"null"},{"createDt":"2021-12-22 09:22:43.005","deathCnt":"348","defCnt":"21915","gubun":"대구","gubunCn":"大邱","gubunEn":"Daegu","incDec":"133","isolClearCnt":"19926","localOccCnt":"131","overFlowCnt":"2","qurRate":"906","seq":"14035","stdDay":"2021년 12월 22일 00시","updateDt":"null"},{"createDt":"2021-12-22 09:22:43.005","deathCnt":"236","defCnt":"22192","gubun":"부산","gubunCn":"釜山","gubunEn":"Busan","incDec":"432","isolClearCnt":"17629","localOccCnt":"431","overFlowCnt":"1","qurRate":"654","seq":"14034","stdDay":"2021년 12월 22일 00시","updateDt":"null"},{"createDt":"2021-12-22 09:22:43.004","deathCnt":"1569","defCnt":"208048","gubun":"서울","gubunCn":"首尔","gubunEn":"Seoul","incDec":"2805","isolClearCnt":"156894","localOccCnt":"2779","overFlowCnt":"26","qurRate":"2152","seq":"14033","stdDay":"2021년 12월 22일 00시","updateDt":"null"},{"createDt":"2021-12-22 09:22:43.004","deathCnt":"4906","defCnt":"583065","gubun":"합계","gubunCn":"合计","gubunEn":"Total","incDec":"7456","isolClearCnt":"463401","localOccCnt":"7365","overFlowCnt":"91","qurRate":"1125","seq":"14032","stdDay":"2021년 12월 22일 00시","updateDt":"null"},{"createDt":"2021-12-21 09:03:16.287","deathCnt":"16","defCnt":"6608","gubun":"검역","gubunCn":"隔離區","gubunEn":"Lazaretto","incDec":"10","isolClearCnt":"6412","localOccCnt":"0","overFlowCnt":"10","qurRate":"-","seq":"14031","stdDay":"2021년 12월 21일 00시","updateDt":"null"},{"createDt":"2021-12-21 09:03:16.287","deathCnt":"13","defCnt":"4424","gubun":"제주","gubunCn":"济州","gubunEn":"Jeju","incDec":"26","isolClearCnt":"4087","localOccCnt":"25","overFlowCnt":"1","qurRate":"656","seq":"14030","stdDay":"2021년 12월 21일 00시","updateDt":"null"},{"createDt":"2021-12-21 09:03:16.286","deathCnt":"76","defCnt":"18512","gubun":"경남","gubunCn":"庆南","gubunEn":"Gyeongsangnam-do","incDec":"184","isolClearCnt":"16132","localOccCnt":"184","overFlowCnt":"0","qurRate":"554","seq":"14029","stdDay":"2021년 12월 21일 00시","updateDt":"null"},{"createDt":"2021-12-21 09:03:16.286","deathCnt":"133","defCnt":"14192","gubun":"경북","gubunCn":"庆北","gubunEn":"Gyeongsangbuk-do","incDec":"107","isolClearCnt":"12025","localOccCnt":"101","overFlowCnt":"6","qurRate":"538","seq":"14028","stdDay":"2021년 12월 21일 00시","updateDt":"null"},{"createDt":"2021-12-21 09:03:16.286","deathCnt":"32","defCnt":"5577","gubun":"전남","gubunCn":"全南","gubunEn":"Jeollanam-do","incDec":"41","isolClearCnt":"4697","localOccCnt":"40","overFlowCnt":"1","qurRate":"301","seq":"14027","stdDay":"2021년 12월 21일 00시","updateDt":"null"},{"createDt":"2021-12-21 09:03:16.285","deathCnt":"95","defCnt":"8340","gubun":"전북","gubunCn":"全北","gubunEn":"Jeollabuk-do","incDec":"144","isolClearCnt":"6951","localOccCnt":"144","overFlowCnt":"0","qurRate":"462","seq":"14026","stdDay":"2021년 12월 21일 00시","updateDt":"null"},{"createDt":"2021-12-21 09:03:16.285","deathCnt":"122","defCnt":"16636","gubun":"충남","gubunCn":"忠南","gubunEn":"Chungcheongnam-do","incDec":"163","isolClearCnt":"13843","localOccCnt":"163","overFlowCnt":"0","qurRate":"784","seq":"14025","stdDay":"2021년 12월 21일 00시","updateDt":"null"},{"createDt":"2021-12-21 09:03:16.285","deathCnt":"102","defCnt":"10654","gubun":"충북","gubunCn":"忠北","gubunEn":"Chungcheongbuk-do","incDec":"89","isolClearCnt":"9507","localOccCnt":"87","overFlowCnt":"2","qurRate":"666","seq":"14024","stdDay":"2021년 12월 21일 00시","updateDt":"null"},{"createDt":"2021-12-21 09:03:16.285","deathCnt":"95","defCnt":"11322","gubun":"강원","gubunCn":"江原","gubunEn":"Gangwon-do","incDec":"117","isolClearCnt":"9601","localOccCnt":"116","overFlowCnt":"1","qurRate":"734","seq":"14023","stdDay":"2021년 12월 21일 00시","updateDt":"null"},{"createDt":"2021-12-21 09:03:16.285","deathCnt":"1586","defCnt":"170381","gubun":"경기","gubunCn":"京畿","gubunEn":"Gyeonggi-do","incDec":"1313","isolClearCnt":"134163","localOccCnt":"1299","overFlowCnt":"14","qurRate":"1269","seq":"14022","stdDay":"2021년 12월 21일 00시","updateDt":"null"},{"createDt":"2021-12-21 09:03:16.284","deathCnt":"3","defCnt":"1921","gubun":"세종","gubunCn":"世宗","gubunEn":"Sejong","incDec":"21","isolClearCnt":"1685","localOccCnt":"21","overFlowCnt":"0","qurRate":"540","seq":"14021","stdDay":"2021년 12월 21일 00시","updateDt":"null"},{"createDt":"2021-12-21 09:03:16.284","deathCnt":"60","defCnt":"6421","gubun":"울산","gubunCn":"蔚山","gubunEn":"Ulsan","incDec":"35","isolClearCnt":"5845","localOccCnt":"35","overFlowCnt":"0","qurRate":"565","seq":"14020","stdDay":"2021년 12월 21일 00시","updateDt":"null"},{"createDt":"2021-12-21 09:03:16.284","deathCnt":"122","defCnt":"11332","gubun":"대전","gubunCn":"大田","gubunEn":"Daejeon","incDec":"126","isolClearCnt":"8966","localOccCnt":"125","overFlowCnt":"1","qurRate":"774","seq":"14019","stdDay":"2021년 12월 21일 00시","updateDt":"null"},{"createDt":"2021-12-21 09:03:16.284","deathCnt":"35","defCnt":"7258","gubun":"광주","gubunCn":"光州","gubunEn":"Gwangju","incDec":"76","isolClearCnt":"6738","localOccCnt":"75","overFlowCnt":"1","qurRate":"501","seq":"14018","stdDay":"2021년 12월 21일 00시","updateDt":"null"},{"createDt":"2021-12-21 09:03:16.283","deathCnt":"222","defCnt":"33246","gubun":"인천","gubunCn":"仁川","gubunEn":"Incheon","incDec":"384","isolClearCnt":"26588","localOccCnt":"381","overFlowCnt":"3","qurRate":"1130","seq":"14017","stdDay":"2021년 12월 21일 00시","updateDt":"null"},{"createDt":"2021-12-21 09:03:16.283","deathCnt":"346","defCnt":"21782","gubun":"대구","gubunCn":"大邱","gubunEn":"Daegu","incDec":"138","isolClearCnt":"19773","localOccCnt":"136","overFlowCnt":"2","qurRate":"901","seq":"14016","stdDay":"2021년 12월 21일 00시","updateDt":"null"},{"createDt":"2021-12-21 09:03:16.283","deathCnt":"233","defCnt":"21760","gubun":"부산","gubunCn":"釜山","gubunEn":"Busan","incDec":"234","isolClearCnt":"17339","localOccCnt":"233","overFlowCnt":"1","qurRate":"642","seq":"14015","stdDay":"2021년 12월 21일 00시","updateDt":"null"},{"createDt":"2021-12-21 09:03:16.283","deathCnt":"1537","defCnt":"205249","gubun":"서울","gubunCn":"首尔","gubunEn":"Seoul","incDec":"1994","isolClearCnt":"155276","localOccCnt":"1979","overFlowCnt":"15","qurRate":"2123","seq":"14014","stdDay":"2021년 12월 21일 00시","updateDt":"null"},{"createDt":"2021-12-21 09:03:16.282","deathCnt":"4828","defCnt":"575615","gubun":"합계","gubunCn":"合计","gubunEn":"Total","incDec":"5202","isolClearCnt":"459628","localOccCnt":"5144","overFlowCnt":"58","qurRate":"1111","seq":"14013","stdDay":"2021년 12월 21일 00시","updateDt":"null"},{"createDt":"2021-12-20 09:05:51.081","deathCnt":"16","defCnt":"6598","gubun":"검역","gubunCn":"隔離區","gubunEn":"Lazaretto","incDec":"13","isolClearCnt":"6399","localOccCnt":"0","overFlowCnt":"13","qurRate":"-","seq":"14012","stdDay":"2021년 12월 20일 00시","updateDt":"null"},{"createDt":"2021-12-20 09:05:51.081","deathCnt":"13","defCnt":"4398","gubun":"제주","gubunCn":"济州","gubunEn":"Jeju","incDec":"30","isolClearCnt":"4039","localOccCnt":"26","overFlowCnt":"4","qurRate":"652","seq":"14011","stdDay":"2021년 12월 20일 00시","updateDt":"null"},{"createDt":"2021-12-20 09:05:51.081","deathCnt":"74","defCnt":"18328","gubun":"경남","gubunCn":"庆南","gubunEn":"Gyeongsangnam-do","incDec":"156","isolClearCnt":"15998","localOccCnt":"155","overFlowCnt":"1","qurRate":"549","seq":"14010","stdDay":"2021년 12월 20일 00시","updateDt":"null"},{"createDt":"2021-12-20 09:05:51.08","deathCnt":"132","defCnt":"14085","gubun":"경북","gubunCn":"庆北","gubunEn":"Gyeongsangbuk-do","incDec":"117","isolClearCnt":"11911","localOccCnt":"115","overFlowCnt":"2","qurRate":"534","seq":"14009","stdDay":"2021년 12월 20일 00시","updateDt":"null"},{"createDt":"2021-12-20 09:05:51.08","deathCnt":"31","defCnt":"5536","gubun":"전남","gubunCn":"全南","gubunEn":"Jeollanam-do","incDec":"56","isolClearCnt":"4662","localOccCnt":"54","overFlowCnt":"2","qurRate":"299","seq":"14008","stdDay":"2021년 12월 20일 00시","updateDt":"null"},{"createDt":"2021-12-20 09:05:51.08","deathCnt":"94","defCnt":"8196","gubun":"전북","gubunCn":"全北","gubunEn":"Jeollabuk-do","incDec":"100","isolClearCnt":"6951","localOccCnt":"99","overFlowCnt":"1","qurRate":"454","seq":"14007","stdDay":"2021년 12월 20일 00시","updateDt":"null"},{"createDt":"2021-12-20 09:05:51.08","deathCnt":"119","defCnt":"16473","gubun":"충남","gubunCn":"忠南","gubunEn":"Chungcheongnam-do","incDec":"185","isolClearCnt":"13747","localOccCnt":"184","overFlowCnt":"1","qurRate":"777","seq":"14006","stdDay":"2021년 12월 20일 00시","updateDt":"null"},{"createDt":"2021-12-20 09:05:51.079","deathCnt":"101","defCnt":"10565","gubun":"충북","gubunCn":"忠北","gubunEn":"Chungcheongbuk-do","incDec":"68","isolClearCnt":"9421","localOccCnt":"68","overFlowCnt":"0","qurRate":"660","seq":"14005","stdDay":"2021년 12월 20일 00시","updateDt":"null"},{"createDt":"2021-12-20 09:05:51.079","deathCnt":"94","defCnt":"11205","gubun":"강원","gubunCn":"江原","gubunEn":"Gangwon-do","incDec":"130","isolClearCnt":"9498","localOccCnt":"126","overFlowCnt":"4","qurRate":"726","seq":"14004","stdDay":"2021년 12월 20일 00시","updateDt":"null"},{"createDt":"2021-12-20 09:05:51.079","deathCnt":"1572","defCnt":"169068","gubun":"경기","gubunCn":"京畿","gubunEn":"Gyeonggi-do","incDec":"1488","isolClearCnt":"133909","localOccCnt":"1475","overFlowCnt":"13","qurRate":"1259","seq":"14003","stdDay":"2021년 12월 20일 00시","updateDt":"null"},{"createDt":"2021-12-20 09:05:51.079","deathCnt":"3","defCnt":"1900","gubun":"세종","gubunCn":"世宗","gubunEn":"Sejong","incDec":"16","isolClearCnt":"1678","localOccCnt":"16","overFlowCnt":"0","qurRate":"534","seq":"14002","stdDay":"2021년 12월 20일 00시","updateDt":"null"},{"createDt":"2021-12-20 09:05:51.079","deathCnt":"59","defCnt":"6386","gubun":"울산","gubunCn":"蔚山","gubunEn":"Ulsan","incDec":"36","isolClearCnt":"5806","localOccCnt":"36","overFlowCnt":"0","qurRate":"562","seq":"14001","stdDay":"2021년 12월 20일 00시","updateDt":"null"},{"createDt":"2021-12-20 09:05:51.078","deathCnt":"119","defCnt":"11206","gubun":"대전","gubunCn":"大田","gubunEn":"Daejeon","incDec":"112","isolClearCnt":"8931","localOccCnt":"112","overFlowCnt":"0","qurRate":"765","seq":"14000","stdDay":"2021년 12월 20일 00시","updateDt":"null"},{"createDt":"2021-12-20 09:05:51.078","deathCnt":"35","defCnt":"7182","gubun":"광주","gubunCn":"光州","gubunEn":"Gwangju","incDec":"52","isolClearCnt":"6650","localOccCnt":"52","overFlowCnt":"0","qurRate":"495","seq":"13999","stdDay":"2021년 12월 20일 00시","updateDt":"null"},{"createDt":"2021-12-20 09:05:51.078","deathCnt":"218","defCnt":"32862","gubun":"인천","gubunCn":"仁川","gubunEn":"Incheon","incDec":"375","isolClearCnt":"26331","localOccCnt":"371","overFlowCnt":"4","qurRate":"1117","seq":"13998","stdDay":"2021년 12월 20일 00시","updateDt":"null"},{"createDt":"2021-12-20 09:05:51.078","deathCnt":"346","defCnt":"21645","gubun":"대구","gubunCn":"大邱","gubunEn":"Daegu","incDec":"111","isolClearCnt":"19610","localOccCnt":"110","overFlowCnt":"1","qurRate":"895","seq":"13997","stdDay":"2021년 12월 20일 00시","updateDt":"null"},{"createDt":"2021-12-20 09:05:51.078","deathCnt":"229","defCnt":"21526","gubun":"부산","gubunCn":"釜山","gubunEn":"Busan","incDec":"365","isolClearCnt":"17097","localOccCnt":"364","overFlowCnt":"1","qurRate":"635","seq":"13996","stdDay":"2021년 12월 20일 00시","updateDt":"null"},{"createDt":"2021-12-20 09:05:51.077","deathCnt":"1521","defCnt":"203255","gubun":"서울","gubunCn":"首尔","gubunEn":"Seoul","incDec":"1908","isolClearCnt":"153488","localOccCnt":"1895","overFlowCnt":"13","qurRate":"2102","seq":"13995","stdDay":"2021년 12월 20일 00시","updateDt":"null"},{"createDt":"2021-12-20 09:05:51.077","deathCnt":"4776","defCnt":"570414","gubun":"합계","gubunCn":"合计","gubunEn":"Total","incDec":"5318","isolClearCnt":"456126","localOccCnt":"5258","overFlowCnt":"60","qurRate":"1101","seq":"13994","stdDay":"2021년 12월 20일 00시","updateDt":"null"},{"createDt":"2021-12-19 09:08:01.701","deathCnt":"16","defCnt":"6586","gubun":"검역","gubunCn":"隔離區","gubunEn":"Lazaretto","incDec":"6","isolClearCnt":"6399","localOccCnt":"0","overFlowCnt":"6","qurRate":"-","seq":"13993","stdDay":"2021년 12월 19일 00시","updateDt":"null"},{"createDt":"2021-12-19 09:08:01.701","deathCnt":"12","defCnt":"4368","gubun":"제주","gubunCn":"济州","gubunEn":"Jeju","incDec":"22","isolClearCnt":"3996","localOccCnt":"22","overFlowCnt":"0","qurRate":"647","seq":"13992","stdDay":"2021년 12월 19일 00시","updateDt":"null"},{"createDt":"2021-12-19 09:08:01.701","deathCnt":"70","defCnt":"18172","gubun":"경남","gubunCn":"庆南","gubunEn":"Gyeongsangnam-do","incDec":"215","isolClearCnt":"15856","localOccCnt":"214","overFlowCnt":"1","qurRate":"544","seq":"13991","stdDay":"2021년 12월 19일 00시","updateDt":"null"},{"createDt":"2021-12-19 09:08:01.701","deathCnt":"132","defCnt":"13968","gubun":"경북","gubunCn":"庆北","gubunEn":"Gyeongsangbuk-do","incDec":"137","isolClearCnt":"11719","localOccCnt":"134","overFlowCnt":"3","qurRate":"529","seq":"13990","stdDay":"2021년 12월 19일 00시","updateDt":"null"},{"createDt":"2021-12-19 09:08:01.701","deathCnt":"30","defCnt":"5480","gubun":"전남","gubunCn":"全南","gubunEn":"Jeollanam-do","incDec":"43","isolClearCnt":"4608","localOccCnt":"43","overFlowCnt":"0","qurRate":"296","seq":"13989","stdDay":"2021년 12월 19일 00시","updateDt":"null"},{"createDt":"2021-12-19 09:08:01.7","deathCnt":"93","defCnt":"8097","gubun":"전북","gubunCn":"全北","gubunEn":"Jeollabuk-do","incDec":"92","isolClearCnt":"6883","localOccCnt":"92","overFlowCnt":"0","qurRate":"449","seq":"13988","stdDay":"2021년 12월 19일 00시","updateDt":"null"},{"createDt":"2021-12-19 09:08:01.7","deathCnt":"118","defCnt":"16288","gubun":"충남","gubunCn":"忠南","gubunEn":"Chungcheongnam-do","incDec":"207","isolClearCnt":"13640","localOccCnt":"206","overFlowCnt":"1","qurRate":"768","seq":"13987","stdDay":"2021년 12월 19일 00시","updateDt":"null"},{"createDt":"2021-12-19 09:08:01.699","deathCnt":"101","defCnt":"10497","gubun":"충북","gubunCn":"忠北","gubunEn":"Chungcheongbuk-do","incDec":"92","isolClearCnt":"9339","localOccCnt":"91","overFlowCnt":"1","qurRate":"656","seq":"13986","stdDay":"2021년 12월 19일 00시","updateDt":"null"},{"createDt":"2021-12-19 09:08:01.699","deathCnt":"93","defCnt":"11075","gubun":"강원","gubunCn":"江原","gubunEn":"Gangwon-do","incDec":"100","isolClearCnt":"9381","localOccCnt":"100","overFlowCnt":"0","qurRate":"718","seq":"13985","stdDay":"2021년 12월 19일 00시","updateDt":"null"},{"createDt":"2021-12-19 09:08:01.698","deathCnt":"1555","defCnt":"167580","gubun":"경기","gubunCn":"京畿","gubunEn":"Gyeonggi-do","incDec":"1753","isolClearCnt":"133716","localOccCnt":"1723","overFlowCnt":"30","qurRate":"1248","seq":"13984","stdDay":"2021년 12월 19일 00시","updateDt":"null"},{"createDt":"2021-12-19 09:08:01.698","deathCnt":"3","defCnt":"1884","gubun":"세종","gubunCn":"世宗","gubunEn":"Sejong","incDec":"23","isolClearCnt":"1669","localOccCnt":"23","overFlowCnt":"0","qurRate":"529","seq":"13983","stdDay":"2021년 12월 19일 00시","updateDt":"null"},{"createDt":"2021-12-19 09:08:01.698","deathCnt":"59","defCnt":"6350","gubun":"울산","gubunCn":"蔚山","gubunEn":"Ulsan","incDec":"39","isolClearCnt":"5777","localOccCnt":"37","overFlowCnt":"2","qurRate":"559","seq":"13982","stdDay":"2021년 12월 19일 00시","updateDt":"null"},{"createDt":"2021-12-19 09:08:01.698","deathCnt":"118","defCnt":"11094","gubun":"대전","gubunCn":"大田","gubunEn":"Daejeon","incDec":"149","isolClearCnt":"8907","localOccCnt":"147","overFlowCnt":"2","qurRate":"758","seq":"13981","stdDay":"2021년 12월 19일 00시","updateDt":"null"},{"createDt":"2021-12-19 09:08:01.697","deathCnt":"34","defCnt":"7130","gubun":"광주","gubunCn":"光州","gubunEn":"Gwangju","incDec":"29","isolClearCnt":"6650","localOccCnt":"27","overFlowCnt":"2","qurRate":"492","seq":"13980","stdDay":"2021년 12월 19일 00시","updateDt":"null"},{"createDt":"2021-12-19 09:08:01.697","deathCnt":"213","defCnt":"32487","gubun":"인천","gubunCn":"仁川","gubunEn":"Incheon","incDec":"493","isolClearCnt":"26068","localOccCnt":"492","overFlowCnt":"1","qurRate":"1104","seq":"13979","stdDay":"2021년 12월 19일 00시","updateDt":"null"},{"createDt":"2021-12-19 09:08:01.697","deathCnt":"344","defCnt":"21534","gubun":"대구","gubunCn":"大邱","gubunEn":"Daegu","incDec":"153","isolClearCnt":"19505","localOccCnt":"152","overFlowCnt":"1","qurRate":"890","seq":"13978","stdDay":"2021년 12월 19일 00시","updateDt":"null"},{"createDt":"2021-12-19 09:08:01.696","deathCnt":"228","defCnt":"21161","gubun":"부산","gubunCn":"釜山","gubunEn":"Busan","incDec":"363","isolClearCnt":"16918","localOccCnt":"362","overFlowCnt":"1","qurRate":"624","seq":"13977","stdDay":"2021년 12월 19일 00시","updateDt":"null"},{"createDt":"2021-12-19 09:08:01.696","deathCnt":"1503","defCnt":"201347","gubun":"서울","gubunCn":"首尔","gubunEn":"Seoul","incDec":"2320","isolClearCnt":"152995","localOccCnt":"2308","overFlowCnt":"12","qurRate":"2083","seq":"13976","stdDay":"2021년 12월 19일 00시","updateDt":"null"},{"createDt":"2021-12-19 09:08:01.695","deathCnt":"4722","defCnt":"565098","gubun":"합계","gubunCn":"合计","gubunEn":"Total","incDec":"6236","isolClearCnt":"454026","localOccCnt":"6173","overFlowCnt":"63","qurRate":"1090","seq":"13975","stdDay":"2021년 12월 19일 00시","updateDt":"null"},{"createDt":"2021-12-18 09:15:52.19","deathCnt":"16","defCnt":"6580","gubun":"검역","gubunCn":"隔離區","gubunEn":"Lazaretto","incDec":"9","isolClearCnt":"6399","localOccCnt":"0","overFlowCnt":"9","qurRate":"-","seq":"13974","stdDay":"2021년 12월 18일 00시","updateDt":"null"},{"createDt":"2021-12-18 09:15:52.19","deathCnt":"11","defCnt":"4346","gubun":"제주","gubunCn":"济州","gubunEn":"Jeju","incDec":"30","isolClearCnt":"3949","localOccCnt":"30","overFlowCnt":"0","qurRate":"644","seq":"13973","stdDay":"2021년 12월 18일 00시","updateDt":"null"},{"createDt":"2021-12-18 09:15:52.19","deathCnt":"67","defCnt":"17957","gubun":"경남","gubunCn":"庆南","gubunEn":"Gyeongsangnam-do","incDec":"211","isolClearCnt":"15674","localOccCnt":"210","overFlowCnt":"1","qurRate":"538","seq":"13972","stdDay":"2021년 12월 18일 00시","updateDt":"null"},{"createDt":"2021-12-18 09:15:52.19","deathCnt":"131","defCnt":"13832","gubun":"경북","gubunCn":"庆北","gubunEn":"Gyeongsangbuk-do","incDec":"139","isolClearCnt":"11626","localOccCnt":"139","overFlowCnt":"0","qurRate":"524","seq":"13971","stdDay":"2021년 12월 18일 00시","updateDt":"null"},{"createDt":"2021-12-18 09:15:52.19","deathCnt":"30","defCnt":"5437","gubun":"전남","gubunCn":"全南","gubunEn":"Jeollanam-do","incDec":"44","isolClearCnt":"4578","localOccCnt":"44","overFlowCnt":"0","qurRate":"294","seq":"13970","stdDay":"2021년 12월 18일 00시","updateDt":"null"},{"createDt":"2021-12-18 09:15:52.189","deathCnt":"92","defCnt":"8005","gubun":"전북","gubunCn":"全北","gubunEn":"Jeollabuk-do","incDec":"110","isolClearCnt":"6756","localOccCnt":"110","overFlowCnt":"0","qurRate":"444","seq":"13969","stdDay":"2021년 12월 18일 00시","updateDt":"null"},{"createDt":"2021-12-18 09:15:52.189","deathCnt":"115","defCnt":"16081","gubun":"충남","gubunCn":"忠南","gubunEn":"Chungcheongnam-do","incDec":"240","isolClearCnt":"13568","localOccCnt":"238","overFlowCnt":"2","qurRate":"758","seq":"13968","stdDay":"2021년 12월 18일 00시","updateDt":"null"},{"createDt":"2021-12-18 09:15:52.189","deathCnt":"101","defCnt":"10405","gubun":"충북","gubunCn":"忠北","gubunEn":"Chungcheongbuk-do","incDec":"127","isolClearCnt":"9249","localOccCnt":"127","overFlowCnt":"0","qurRate":"650","seq":"13967","stdDay":"2021년 12월 18일 00시","updateDt":"null"},{"createDt":"2021-12-18 09:15:52.189","deathCnt":"91","defCnt":"10975","gubun":"강원","gubunCn":"江原","gubunEn":"Gangwon-do","incDec":"126","isolClearCnt":"9253","localOccCnt":"126","overFlowCnt":"0","qurRate":"711","seq":"13966","stdDay":"2021년 12월 18일 00시","updateDt":"null"},{"createDt":"2021-12-18 09:15:52.188","deathCnt":"1530","defCnt":"165827","gubun":"경기","gubunCn":"京畿","gubunEn":"Gyeonggi-do","incDec":"2041","isolClearCnt":"133462","localOccCnt":"2033","overFlowCnt":"8","qurRate":"1235","seq":"13965","stdDay":"2021년 12월 18일 00시","updateDt":"null"},{"createDt":"2021-12-18 09:15:52.188","deathCnt":"3","defCnt":"1861","gubun":"세종","gubunCn":"世宗","gubunEn":"Sejong","incDec":"43","isolClearCnt":"1653","localOccCnt":"43","overFlowCnt":"0","qurRate":"523","seq":"13964","stdDay":"2021년 12월 18일 00시","updateDt":"null"},{"createDt":"2021-12-18 09:15:52.188","deathCnt":"59","defCnt":"6311","gubun":"울산","gubunCn":"蔚山","gubunEn":"Ulsan","incDec":"46","isolClearCnt":"5741","localOccCnt":"46","overFlowCnt":"0","qurRate":"556","seq":"13963","stdDay":"2021년 12월 18일 00시","updateDt":"null"},{"createDt":"2021-12-18 09:15:52.188","deathCnt":"110","defCnt":"10945","gubun":"대전","gubunCn":"大田","gubunEn":"Daejeon","incDec":"120","isolClearCnt":"8866","localOccCnt":"120","overFlowCnt":"0","qurRate":"748","seq":"13962","stdDay":"2021년 12월 18일 00시","updateDt":"null"},{"createDt":"2021-12-18 09:15:52.187","deathCnt":"33","defCnt":"7101","gubun":"광주","gubunCn":"光州","gubunEn":"Gwangju","incDec":"57","isolClearCnt":"6600","localOccCnt":"55","overFlowCnt":"2","qurRate":"490","seq":"13961","stdDay":"2021년 12월 18일 00시","updateDt":"null"},{"createDt":"2021-12-18 09:15:52.187","deathCnt":"210","defCnt":"31994","gubun":"인천","gubunCn":"仁川","gubunEn":"Incheon","incDec":"600","isolClearCnt":"25990","localOccCnt":"599","overFlowCnt":"1","qurRate":"1087","seq":"13960","stdDay":"2021년 12월 18일 00시","updateDt":"null"},{"createDt":"2021-12-18 09:15:52.187","deathCnt":"341","defCnt":"21381","gubun":"대구","gubunCn":"大邱","gubunEn":"Daegu","incDec":"215","isolClearCnt":"19324","localOccCnt":"214","overFlowCnt":"1","qurRate":"884","seq":"13959","stdDay":"2021년 12월 18일 00시","updateDt":"null"},{"createDt":"2021-12-18 09:15:52.187","deathCnt":"225","defCnt":"20798","gubun":"부산","gubunCn":"釜山","gubunEn":"Busan","incDec":"362","isolClearCnt":"16669","localOccCnt":"362","overFlowCnt":"0","qurRate":"613","seq":"13958","stdDay":"2021년 12월 18일 00시","updateDt":"null"},{"createDt":"2021-12-18 09:15:52.186","deathCnt":"1479","defCnt":"199028","gubun":"서울","gubunCn":"首尔","gubunEn":"Seoul","incDec":"2794","isolClearCnt":"151980","localOccCnt":"2788","overFlowCnt":"6","qurRate":"2059","seq":"13957","stdDay":"2021년 12월 18일 00시","updateDt":"null"},{"createDt":"2021-12-18 09:15:52.186","deathCnt":"4644","defCnt":"558864","gubun":"합계","gubunCn":"合计","gubunEn":"Total","incDec":"7314","isolClearCnt":"451337","localOccCnt":"7284","overFlowCnt":"30","qurRate":"1078","seq":"13956","stdDay":"2021년 12월 18일 00시","updateDt":"null"},{"createDt":"2021-12-17 09:09:46.324","deathCnt":"16","defCnt":"6571","gubun":"검역","gubunCn":"隔離區","gubunEn":"Lazaretto","incDec":"8","isolClearCnt":"6396","localOccCnt":"0","overFlowCnt":"8","qurRate":"-","seq":"13955","stdDay":"2021년 12월 17일 00시","updateDt":"null"},{"createDt":"2021-12-17 09:09:46.324","deathCnt":"11","defCnt":"4316","gubun":"제주","gubunCn":"济州","gubunEn":"Jeju","incDec":"35","isolClearCnt":"3902","localOccCnt":"35","overFlowCnt":"0","qurRate":"640","seq":"13954","stdDay":"2021년 12월 17일 00시","updateDt":"null"},{"createDt":"2021-12-17 09:09:46.324","deathCnt":"67","defCnt":"17746","gubun":"경남","gubunCn":"庆南","gubunEn":"Gyeongsangnam-do","incDec":"171","isolClearCnt":"15674","localOccCnt":"171","overFlowCnt":"0","qurRate":"531","seq":"13953","stdDay":"2021년 12월 17일 00시","updateDt":"null"},{"createDt":"2021-12-17 09:09:46.324","deathCnt":"131","defCnt":"13693","gubun":"경북","gubunCn":"庆北","gubunEn":"Gyeongsangbuk-do","incDec":"169","isolClearCnt":"11553","localOccCnt":"168","overFlowCnt":"1","qurRate":"519","seq":"13952","stdDay":"2021년 12월 17일 00시","updateDt":"null"},{"createDt":"2021-12-17 09:09:46.323","deathCnt":"30","defCnt":"5393","gubun":"전남","gubunCn":"全南","gubunEn":"Jeollanam-do","incDec":"60","isolClearCnt":"4543","localOccCnt":"58","overFlowCnt":"2","qurRate":"291","seq":"13951","stdDay":"2021년 12월 17일 00시","updateDt":"null"},{"createDt":"2021-12-17 09:09:46.323","deathCnt":"91","defCnt":"7895","gubun":"전북","gubunCn":"全北","gubunEn":"Jeollabuk-do","incDec":"122","isolClearCnt":"6661","localOccCnt":"122","overFlowCnt":"0","qurRate":"438","seq":"13950","stdDay":"2021년 12월 17일 00시","updateDt":"null"},{"createDt":"2021-12-17 09:09:46.323","deathCnt":"112","defCnt":"15841","gubun":"충남","gubunCn":"忠南","gubunEn":"Chungcheongnam-do","incDec":"203","isolClearCnt":"13405","localOccCnt":"203","overFlowCnt":"0","qurRate":"747","seq":"13949","stdDay":"2021년 12월 17일 00시","updateDt":"null"},{"createDt":"2021-12-17 09:09:46.323","deathCnt":"99","defCnt":"10278","gubun":"충북","gubunCn":"忠北","gubunEn":"Chungcheongbuk-do","incDec":"128","isolClearCnt":"9195","localOccCnt":"128","overFlowCnt":"0","qurRate":"642","seq":"13948","stdDay":"2021년 12월 17일 00시","updateDt":"null"},{"createDt":"2021-12-17 09:09:46.323","deathCnt":"90","defCnt":"10849","gubun":"강원","gubunCn":"江原","gubunEn":"Gangwon-do","incDec":"134","isolClearCnt":"9139","localOccCnt":"134","overFlowCnt":"0","qurRate":"703","seq":"13947","stdDay":"2021년 12월 17일 00시","updateDt":"null"},{"createDt":"2021-12-17 09:09:46.322","deathCnt":"1514","defCnt":"163786","gubun":"경기","gubunCn":"京畿","gubunEn":"Gyeonggi-do","incDec":"2153","isolClearCnt":"133197","localOccCnt":"2147","overFlowCnt":"6","qurRate":"1220","seq":"13946","stdDay":"2021년 12월 17일 00시","updateDt":"null"},{"createDt":"2021-12-17 09:09:46.322","deathCnt":"3","defCnt":"1818","gubun":"세종","gubunCn":"世宗","gubunEn":"Sejong","incDec":"25","isolClearCnt":"1637","localOccCnt":"25","overFlowCnt":"0","qurRate":"511","seq":"13945","stdDay":"2021년 12월 17일 00시","updateDt":"null"},{"createDt":"2021-12-17 09:09:46.322","deathCnt":"59","defCnt":"6265","gubun":"울산","gubunCn":"蔚山","gubunEn":"Ulsan","incDec":"57","isolClearCnt":"5704","localOccCnt":"57","overFlowCnt":"0","qurRate":"551","seq":"13944","stdDay":"2021년 12월 17일 00시","updateDt":"null"},{"createDt":"2021-12-17 09:09:46.322","deathCnt":"110","defCnt":"10825","gubun":"대전","gubunCn":"大田","gubunEn":"Daejeon","incDec":"162","isolClearCnt":"8815","localOccCnt":"162","overFlowCnt":"0","qurRate":"739","seq":"13943","stdDay":"2021년 12월 17일 00시","updateDt":"null"},{"createDt":"2021-12-17 09:09:46.321","deathCnt":"32","defCnt":"7044","gubun":"광주","gubunCn":"光州","gubunEn":"Gwangju","incDec":"42","isolClearCnt":"6552","localOccCnt":"42","overFlowCnt":"0","qurRate":"486","seq":"13942","stdDay":"2021년 12월 17일 00시","updateDt":"null"},{"createDt":"2021-12-17 09:09:46.321","deathCnt":"205","defCnt":"31394","gubun":"인천","gubunCn":"仁川","gubunEn":"Incheon","incDec":"572","isolClearCnt":"25867","localOccCnt":"565","overFlowCnt":"7","qurRate":"1067","seq":"13941","stdDay":"2021년 12월 17일 00시","updateDt":"null"},{"createDt":"2021-12-17 09:09:46.321","deathCnt":"339","defCnt":"21167","gubun":"대구","gubunCn":"大邱","gubunEn":"Daegu","incDec":"160","isolClearCnt":"19281","localOccCnt":"158","overFlowCnt":"2","qurRate":"875","seq":"13940","stdDay":"2021년 12월 17일 00시","updateDt":"null"},{"createDt":"2021-12-17 09:09:46.321","deathCnt":"221","defCnt":"20436","gubun":"부산","gubunCn":"釜山","gubunEn":"Busan","incDec":"388","isolClearCnt":"16487","localOccCnt":"388","overFlowCnt":"0","qurRate":"602","seq":"13939","stdDay":"2021년 12월 17일 00시","updateDt":"null"},{"createDt":"2021-12-17 09:09:46.32","deathCnt":"1461","defCnt":"196234","gubun":"서울","gubunCn":"首尔","gubunEn":"Seoul","incDec":"2846","isolClearCnt":"150801","localOccCnt":"2837","overFlowCnt":"9","qurRate":"2030","seq":"13938","stdDay":"2021년 12월 17일 00시","updateDt":"null"},{"createDt":"2021-12-17 09:09:46.32","deathCnt":"4591","defCnt":"551551","gubun":"합계","gubunCn":"合计","gubunEn":"Total","incDec":"7435","isolClearCnt":"448809","localOccCnt":"7400","overFlowCnt":"35","qurRate":"1064","seq":"13937","stdDay":"2021년 12월 17일 00시","updateDt":"null"},{"createDt":"2021-12-16 09:06:37.424","deathCnt":"16","defCnt":"6563","gubun":"검역","gubunCn":"隔離區","gubunEn":"Lazaretto","incDec":"3","isolClearCnt":"6382","localOccCnt":"0","overFlowCnt":"3","qurRate":"-","seq":"13936","stdDay":"2021년 12월 16일 00시","updateDt":"null"},{"createDt":"2021-12-16 09:06:37.424","deathCnt":"10","defCnt":"4281","gubun":"제주","gubunCn":"济州","gubunEn":"Jeju","incDec":"29","isolClearCnt":"3841","localOccCnt":"29","overFlowCnt":"0","qurRate":"635","seq":"13935","stdDay":"2021년 12월 16일 00시","updateDt":"null"},{"createDt":"2021-12-16 09:06:37.424","deathCnt":"67","defCnt":"17575","gubun":"경남","gubunCn":"庆南","gubunEn":"Gyeongsangnam-do","incDec":"199","isolClearCnt":"15524","localOccCnt":"199","overFlowCnt":"0","qurRate":"526","seq":"13934","stdDay":"2021년 12월 16일 00시","updateDt":"null"},{"createDt":"2021-12-16 09:06:37.424","deathCnt":"128","defCnt":"13524","gubun":"경북","gubunCn":"庆北","gubunEn":"Gyeongsangbuk-do","incDec":"208","isolClearCnt":"11514","localOccCnt":"208","overFlowCnt":"0","qurRate":"512","seq":"13933","stdDay":"2021년 12월 16일 00시","updateDt":"null"},{"createDt":"2021-12-16 09:06:37.423","deathCnt":"30","defCnt":"5333","gubun":"전남","gubunCn":"全南","gubunEn":"Jeollanam-do","incDec":"58","isolClearCnt":"4498","localOccCnt":"58","overFlowCnt":"0","qurRate":"288","seq":"13932","stdDay":"2021년 12월 16일 00시","updateDt":"null"},{"createDt":"2021-12-16 09:06:37.423","deathCnt":"89","defCnt":"7773","gubun":"전북","gubunCn":"全北","gubunEn":"Jeollabuk-do","incDec":"150","isolClearCnt":"6512","localOccCnt":"149","overFlowCnt":"1","qurRate":"431","seq":"13931","stdDay":"2021년 12월 16일 00시","updateDt":"null"},{"createDt":"2021-12-16 09:06:37.423","deathCnt":"110","defCnt":"15638","gubun":"충남","gubunCn":"忠南","gubunEn":"Chungcheongnam-do","incDec":"177","isolClearCnt":"13282","localOccCnt":"177","overFlowCnt":"0","qurRate":"737","seq":"13930","stdDay":"2021년 12월 16일 00시","updateDt":"null"},{"createDt":"2021-12-16 09:06:37.423","deathCnt":"98","defCnt":"10150","gubun":"충북","gubunCn":"忠北","gubunEn":"Chungcheongbuk-do","incDec":"149","isolClearCnt":"9121","localOccCnt":"149","overFlowCnt":"0","qurRate":"634","seq":"13929","stdDay":"2021년 12월 16일 00시","updateDt":"null"},{"createDt":"2021-12-16 09:06:37.423","deathCnt":"89","defCnt":"10715","gubun":"강원","gubunCn":"江原","gubunEn":"Gangwon-do","incDec":"148","isolClearCnt":"9040","localOccCnt":"148","overFlowCnt":"0","qurRate":"694","seq":"13928","stdDay":"2021년 12월 16일 00시","updateDt":"null"},{"createDt":"2021-12-16 09:06:37.422","deathCnt":"1490","defCnt":"161633","gubun":"경기","gubunCn":"京畿","gubunEn":"Gyeonggi-do","incDec":"2152","isolClearCnt":"132946","localOccCnt":"2140","overFlowCnt":"12","qurRate":"1204","seq":"13927","stdDay":"2021년 12월 16일 00시","updateDt":"null"},{"createDt":"2021-12-16 09:06:37.422","deathCnt":"3","defCnt":"1793","gubun":"세종","gubunCn":"世宗","gubunEn":"Sejong","incDec":"28","isolClearCnt":"1629","localOccCnt":"28","overFlowCnt":"0","qurRate":"504","seq":"13926","stdDay":"2021년 12월 16일 00시","updateDt":"null"},{"createDt":"2021-12-16 09:06:37.422","deathCnt":"59","defCnt":"6208","gubun":"울산","gubunCn":"蔚山","gubunEn":"Ulsan","incDec":"76","isolClearCnt":"5681","localOccCnt":"76","overFlowCnt":"0","qurRate":"546","seq":"13925","stdDay":"2021년 12월 16일 00시","updateDt":"null"},{"createDt":"2021-12-16 09:06:37.422","deathCnt":"101","defCnt":"10663","gubun":"대전","gubunCn":"大田","gubunEn":"Daejeon","incDec":"129","isolClearCnt":"8784","localOccCnt":"129","overFlowCnt":"0","qurRate":"728","seq":"13924","stdDay":"2021년 12월 16일 00시","updateDt":"null"},{"createDt":"2021-12-16 09:06:37.422","deathCnt":"32","defCnt":"7002","gubun":"광주","gubunCn":"光州","gubunEn":"Gwangju","incDec":"44","isolClearCnt":"6508","localOccCnt":"44","overFlowCnt":"0","qurRate":"483","seq":"13923","stdDay":"2021년 12월 16일 00시","updateDt":"null"},{"createDt":"2021-12-16 09:06:37.421","deathCnt":"201","defCnt":"30822","gubun":"인천","gubunCn":"仁川","gubunEn":"Incheon","incDec":"511","isolClearCnt":"25654","localOccCnt":"509","overFlowCnt":"2","qurRate":"1047","seq":"13922","stdDay":"2021년 12월 16일 00시","updateDt":"null"},{"createDt":"2021-12-16 09:06:37.421","deathCnt":"339","defCnt":"21007","gubun":"대구","gubunCn":"大邱","gubunEn":"Daegu","incDec":"158","isolClearCnt":"19150","localOccCnt":"156","overFlowCnt":"2","qurRate":"869","seq":"13921","stdDay":"2021년 12월 16일 00시","updateDt":"null"},{"createDt":"2021-12-16 09:06:37.421","deathCnt":"218","defCnt":"20048","gubun":"부산","gubunCn":"釜山","gubunEn":"Busan","incDec":"346","isolClearCnt":"16306","localOccCnt":"345","overFlowCnt":"1","qurRate":"591","seq":"13920","stdDay":"2021년 12월 16일 00시","updateDt":"null"},{"createDt":"2021-12-16 09:06:37.421","deathCnt":"1438","defCnt":"193389","gubun":"서울","gubunCn":"首尔","gubunEn":"Seoul","incDec":"3057","isolClearCnt":"148598","localOccCnt":"3047","overFlowCnt":"10","qurRate":"2000","seq":"13919","stdDay":"2021년 12월 16일 00시","updateDt":"null"},{"createDt":"2021-12-16 09:06:37.42","deathCnt":"4518","defCnt":"544117","gubun":"합계","gubunCn":"合计","gubunEn":"Total","incDec":"7622","isolClearCnt":"444970","localOccCnt":"7591","overFlowCnt":"31","qurRate":"1050","seq":"13918","stdDay":"2021년 12월 16일 00시","updateDt":"null"}]